ID	Name	PI	Institution	City	Country	Research_Lines	Techniques	Openings_Known	Funding_Status	Contact_Route	Recent_Output	Fit_1_5	Fit_Rationale	Competition_Level	Competition_Basis	Effort_Estimate	Confidence	Last_Verified	First_Seen	Last_Updated	Change_Flag	Next_Action	Owner_Status	URL	Source_Note
L-0001	Complex Trait Genetics (CTG) Lab	Danielle Posthuma	Center for Neurogenomics and Cognitive Research (CNCR), Vrije Universiteit Amsterdam / Amsterdam UMC	Amsterdam	Netherlands	Genomica estadistica y psiquiatrica; desarrollo de metodos para variantes comunes+raras; modelizacion fenotipica; conectomica	GWAS/WES/WGS, LDSC, MAGMA/FUMA/PoPS, REGENIE, metodos afines a genomic SEM; R, Python, UNIX	NEGATIVO VERIFICADO el 2026-09-28: abierto el portal de vacantes de la VU Amsterdam (workingat.vu.nl/vacancies), 19 vacantes vivas en total, ninguna del Center for Neurogenomics and Cognitive Research ni de Complex Trait Genetics, y ninguna en genetica estadistica, GWAS o genomica pese a haber varios postdocs en la Facultad de Ciencias. Se confirma lo que ya se sospechaba: este grupo no anuncia por esta via.	BRAINSCAPES, Programa Gravitation neerlandes 2020-2030 (fuente: anuncio VU/AcademicTransfer); pista larga	Correo en frio a Posthuma (o via asistente brigitte.borgman@vu.nl) - gancho: MD+PhD en genetica conductual/estadistica con PLINK/R/Python, ofreciendo reforzar la vertiente de genomica psiquiatrica; preguntar por proximas plazas postdoc de BRAINSCAPES	Produccion continua de referencia en Nature Genetics / Nat Hum Behav sobre metodos GWAS de rasgos complejos (grupo puntero de genetica estadistica)	5	De lleno en su linea 1 (genetica estadistica de rasgos complejos) y linea 2 (GWAS psiquiatrico). Taller lider mundial de metodos+aplicacion donde sus PLINK/R y Python asistido por IA son directamente desplegables; UE, sin visado. Primer correo: liderar con el combo MD+PhD y el rango tecnico, citar los dos manuscritos en revision, preguntar si reabrira un postdoc BRAINSCAPES/CTG y ofrecer un breve research statement.	HIGH	Laboratorio de genetica estadistica de primer nivel mundial; los anuncios postdoc atraen candidaturas internacionales fuertes	S	VERIFIED	2026-09-28	2026-08-24	2026-09-28	UNCHANGED	Mantener workingat.vu.nl/vacancies en la revision semanal como negativo barato, pero asumir que la unica via real con Posthuma es el correo en frio o una beca propia que ella acoja.	NEW	https://cncr.nl/ctg/jobs/	Paginas propias de CTG y del CNCR abiertas el 2026-09-21. Cambio operativo: ctg.cncr.nl/jobs ahora es un 301 a cncr.nl/ctg/. Existe alerta de empleo suscribible en cncr.nl/cncr/jobs/.
L-0002	Psychiatric Genetics Group	Sarah Medland	QIMR Berghofer Medical Research Institute	Brisbane	Australia	GWAS/PRS psiquiatrico (TDAH, bipolar, depresion, esquizofrenia), genetica de estructura cerebral (ENIGMA), genetica de salud de la mujer	GWAS, PRS, modelos de gemelos/familia, imaging genetics; R, pipelines tipo PLINK	RESUELTO lo que quedo pendiente el 2026-09-07: abierto el portal de seleccion real de QIMR (ATS propio del instituto) y NO hay ninguna plaza de genetica. El instituto entero tiene UNA sola vacante publicada hoy, 'Research Officer / Senior Research Officer' (ref. BV000085), un postdoc de datos sanitarios vinculados para politica de prevencion cardiovascular, sin relacion con genetica psiquiatrica ni con el grupo de Medland. Confirmado: no hay anuncio al que optar y la unica via es el correo en frio.	NHMRC, MRFF, NIH, ARC, ERC listados en la pagina del grupo (fuente: qimrb.edu.au)	Re-contactar a su anfitrion de QIMR / Sarah Medland o Lucia Colodro Conde (miembro hispanohablante) - gancho: 'fui visitante aqui, mi articulo basado en QIMR esta en revision en Nature Mental Health, termino el doctorado y busco postdoc'. En paralelo vigilar el portal real de vacantes, qimrberghofer.turborecruit.com.au, que es donde QIMR publica de verdad.	Preprint de GWAS multi-ancestral de trastorno por uso de estimulantes (medRxiv, jun 2026); estudios AAA (TEA+TDAH) y Australian Genetics of Bipolar Disorder en curso	5	Diana directa en lineas 1-2, y tiene relacion previa + produccion en revision de este mismo instituto - la pista calida mas fuerte del conjunto. El primer correo debe referir su estancia previa y el articulo pendiente, nombrar el trabajo de PRS/psiquiatrico de Medland, y preguntar por plazas postdoc/staff-scientist. Unica salvedad: Australia = necesita patrocinio de visado (marcar, no bloqueante).	HIGH	Laboratorio de prestigio, pero la conexion calida reduce materialmente su competencia efectiva	S	VERIFIED	2026-09-14	2026-08-24	2026-09-14	UPDATED	Mandar YA el correo en frio a Sarah Medland o a Lucia Colodro Conde sin esperar a ningun anuncio: esta confirmado que no lo va a haber a corto plazo y la conexion calida de su estancia en QIMR no depende de el.	NEW	https://www.qimrb.edu.au/researchers-and-labs/psychiatric-genetics	qimrberghofer.turborecruit.com.au abierto el 2026-09-14 (Tier 1, el ATS propio del instituto; la pagina institucional de careers solo redirige aqui): una unica vacante listada. Sube de VERIFIED parcial a VERIFIED pleno en cuanto al estado de vacantes.
L-0003	Center for Quantitative Genetics and Genomics (grupo Speed)	Doug Speed	Aarhus University	Aarhus	Denmark	Desarrollo de metodos estadisticos en genetica de rasgos complejos humanos; subtipado/clasificacion de enfermedad a partir de datos geneticos (ecosistema LDAK)	GWAS, metodos de heredabilidad/PRS, LDAK; R/Stata/Matlab/C, UNIX	Sin nueva ronda localizada el 2026-09-14. El anuncio de Nature Careers sigue siendo el mismo, con plazo 1-may-2026 ya caducado E INICIO PREVISTO EL 1-OCT-2026, o sea dentro de dos semanas: si la plaza se cubrio, ya esta ocupada. Las unicas vacantes de QGG visibles esta semana son de mejora genetica vegetal y animal (avena ecologica, cria sostenible, seleccion genomica en trucha), ninguna de genetica humana.	DATO NUEVO: la plaza esta financiada principalmente por una ERC Consolidator Grant de Doug Speed para clasificar enfermedades complejas a partir de datos geneticos. Una ERC CoG son 5 anos, asi que aunque esta convocatoria concreta este cerrada es muy probable que haya mas rondas de contratacion en el mismo proyecto.	EMAIL VERIFICADO EN TIER 1 el 2026-09-28: doug@qgg.au.dk, confirmado en su ficha del portal institucional de investigacion de Aarhus (pure.au.dk). Cargo confirmado: Professor en el Center for Quantitative Genetics and Genomics (QGG). Ya no es una direccion deducida.	Revisado el 2026-09-28 en pure.au.dk y es mas relevante de lo que decia la ficha: 'Association Between Polygenic Risk Scores and Treatment Response to Antidepressants, Benzodiazepines, and Antihistamines in Anxiety and Depression' (Biological Psychiatry: Global Open Science, 2025), que es PRS aplicado a psiquiatria; meta-analisis GWAS de epilepsia farmacorresistente (EBioMedicine, 2025); meta-analisis GWAS de insuficiencia cardiaca y sus subtipos (Nature Genetics, 2025); estructuras 3D de proteinas y arquitectura genetica en maiz (Genome Research, 2026). Sigue la linea de software LDAK.	4	Metodos de genetica estadistica de rasgos complejos (LDAK) en su linea 1, y ahora con evidencia de que el grupo tambien publica PRS aplicado a psiquiatria (linea 2), no solo metodologia pura ni genetica agricola. El ser medica anade valor en ese tipo de trabajo de respuesta al tratamiento.	MEDIUM	Rol especializado de desarrollo de metodos estrecha el grupo de candidatos frente a un postdoc generico de GWAS psiquiatrico	S	VERIFIED	2026-09-28	2026-08-24	2026-09-28	UPDATED	Escribir ya a doug@qgg.au.dk (direccion ahora verificada) preguntando si la plaza con inicio 1-oct-2026 se cubrio y si la ERC Consolidator preve nuevas incorporaciones en 2027-2028. Enganchar explicitamente con el articulo de PRS y respuesta al tratamiento en ansiedad y depresion de 2025, que es el puente entre su perfil medico y el grupo.	NEW	https://www.nature.com/naturecareers/job/12856703/	DATO NUEVO util: el portal de vacantes real de Aarhus es au.career.emply.com/en/vacant-positions (sistema Emply). No se pudo leer automaticamente (redirige al dominio generico del proveedor) e international.au.dk devolvio 403 en el unico intento, asi que la ausencia de plaza NO esta verificada: es ausencia de evidencia, no evidencia de ausencia. qgg.au.dk/en/vacancies sigue sin servir.
L-0004	Generation R - genetica del sueno infantil	Henning Tiemeier (PI senior de Generation R). CORRECCION: Desana Kocevska NO es jefa de grupo y no puede contratar; queda como contacto cientifico secundario.	Erasmus MC, Departamento de Psiquiatria Infantil y del Adolescente (Sophia) / estudio Generation R; Tiemeier tiene ademas catedra en Harvard T.H. Chan School of Public Health	Rotterdam	Netherlands	Genetica/PRS del sueno infantil, epidemiologia del sueno del desarrollo, trayectorias de sueno materno-infantil (Generation R / Generation R Next)	PRS en cohortes pediatricas, epidemiologia longitudinal/de cohortes, scores derivados de GWAS; R	Ninguna plaza anunciada. La via es el correo en frio al PI senior, no a Kocevska.	Generation R es una gran infraestructura de cohorte de nacimiento (bien financiada); subvencion especifica del grupo no confirmada	RESUELTO EL 2026-09-28 Y LA RESPUESTA ES QUE NO: se abrio la ficha oficial de Harvard T.H. Chan (hsph.harvard.edu/profile/henning-tiemeier/) y NO publica su email, ni telefono, ni direccion de despacho, ni asistente. No se inventa ninguna direccion. Rutas de contacto reales que si ofrece la pagina: (1) su ficha de facultad en hsph.harvard.edu/henning-tiemeier/, (2) su perfil en Harvard Catalyst, connects.catalyst.harvard.edu/Profiles/display/Person/124051, que es la ruta institucional mas prometedora, (3) el formulario general de la escuela en hsph.harvard.edu/contact/, (4) los departamentos de Epidemiology y de Social and Behavioral Sciences por separado. Cuarta via, independiente de Harvard: la direccion de correspondencia de cualquiera de sus articulos recientes de Generation R.	'Are some children genetically predisposed to poor sleep? A polygenic risk study' (J Child Psychol Psychiatry, 2024); trayectorias de sueno materno, Generation R Next (2025, Sleep Medicine)	4	Generation R con PRS de sueno infantil es literalmente su linea 3 cruzada con su linea 1, y con metodologia que domina sola (PLINK/R). El obstaculo nunca fue el encaje sino la via de contacto.	MEDIUM	Area de nicho (genetica del sueno pediatrico) con una comunidad especialista pequena	S	UNVERIFIED	2026-09-28	2026-08-24	2026-09-28	UPDATED	Dejar de buscar el email en paginas de Harvard: no esta publicado. Siguiente intento unico y ultimo: abrir el perfil de Harvard Catalyst, y si tampoco lo da, coger la direccion de correspondencia del articulo de J Child Psychol Psychiatry 2024 sobre predisposicion genetica al sueno infantil, que ademas es el gancho tematico perfecto para el correo.	NEW	https://hsph.harvard.edu/profile/henning-tiemeier/	Rol confirmado el 2026-09-21 por dos fuentes Tier 2 concordantes (perfil de Harvard Chan y directorio del Population Center): Professor of Social and Behavioral Sciences y Sumner and Esther Feldberg Chair of Maternal and Child Health en la Harvard T.H. Chan School of Public Health, y a la vez Professor of Psychiatric Epidemiology en el Erasmus MC de Rotterdam, donde sigue dirigiendo la investigacion sobre desarrollo cognitivo, emocional y conductual en la cohorte Generation R; dirige desde 2018 el Maternal and Child Center of Excellence de Harvard Chan. Email SIN verificar.
L-0005	MRC Centre for Neuropsychiatric Genetics & Genomics	James Walters (Director del Centro)	Cardiff University	Cardiff	United Kingdom	GWAS psiquiatrico (esquizofrenia, bipolar, TDAH, neurodesarrollo), genomica de CNV/variantes raras, metodos estadisticos/bioinformaticos	GWAS, PRS, analisis de CNV, bioinformatica; grandes cohortes de genetica psiquiatrica del Reino Unido	Sin vacantes de genetica, genomica, bioinformatica ni estadistica abiertas a 2026-09-21. La plaza de Research Assistant/Associate (Statistics) que quedo pendiente la semana pasada CERRO el 17-sep-2026 y ya no figura en el portal. Unica adyacente: Research Assistant ref 447, Division of Psychological Medicine and Clinical Neurosciences (estudio CONNECT), Grade 5, 33.951-36.636 GBP, publicada el 11-sep y con cierre el 25-sep-2026: es la division que aloja el MRC Centre de Walters, pero es un grado 5 sin perfil de genetica estadistica y cierra en 4 dias. Tambien Technician ref 669, Cancer and Genetics, Wales Cancer Biobank, cierre 23-sep-2026, grado 3, no procede.	Financiacion permanente del MRC Centre mas multiples subvenciones de proyecto (mayor grupo de genetica psiquiatrica del Reino Unido). DATO NUEVO (fuente secundaria, por confirmar): el 'Brain and Genomics Hub', iniciativa nacional de investigacion en enfermedad mental grave liderada por Cardiff junto con otras universidades, tiene puestos asociados al Centro - es la via mas probable de contratacion a corto plazo.	Correo en frio a un PI de linea (p.ej. Walters o un lider de PRS/estadistica) - gancho: geneticista estadistica MD+PhD que quiere pasar a GWAS/PRS psiquiatrico; pedir que la avisen de proximas convocatorias postdoc	Produccion sostenida en Nature Genetics / Biological Psychiatry / Molecular Psychiatry de GWAS psiquiatrico (centro insignia del Reino Unido)	4	Coincidencia directa con lineas 1-2 y hogar natural para una geneticista estadistica psiquiatrica. Revisar la pagina de vacantes cada semana; si no hay nada abierto, un correo en frio es normal. RU = necesita patrocinio de visado post-Brexit (marcar). El correo debe destacar su independencia en genetica estadistica (PLINK/R) y su formacion clinica.	HIGH	Mayor centro de genetica psiquiatrica del Reino Unido; grupo de candidatos internacional competitivo	S	VERIFIED	2026-09-21	2026-08-24	2026-09-21	UPDATED	Revisar el portal eploy cada lunes filtrando por School of Medicine y por Division of Psychological Medicine and Clinical Neurosciences. Mientras tanto, Walters sigue siendo contacto en frio para 2027.	NEW	https://cardiffuniweb.eploy.net/vacancies/	Portal eploy de Cardiff abierto el 2026-09-21: 21 vacantes vivas, 12 visibles en la primera pagina (el parametro de paginacion no cambia el listado). CORRECCION DE URL: cardiffuniweb.eploy.net/vacancies/vacancies.aspx da 404, hay que usar la raiz /vacancies/. cardiff.ac.uk/jobs/vacancies da 403, igual que la pagina de vacantes del propio Centre.
L-0006	SGDP Centre / Statistical Genetics Unit	Cathryn Lewis (lidera la Statistical Genetics Unit; su cargo actual es Head of School of Mental Health & Psychological Sciences - CORREGIDO, esta ficha decia 'Jefa de Depto') y Gerome Breen (genetica psiquiatrica)	MRC Social, Genetic & Developmental Psychiatry Centre, IoPPN, King's College London	London	United Kingdom	Epidemiologia y estadistica genetica de trastornos psiquiatricos; PRS de depresion/ansiedad/trastornos alimentarios; cohortes GLAD/trastornos alimentarios	GWAS, PRS, epidemiologia genetica, metodos estadisticos; R	NEGATIVO VERIFICADO el 2026-09-28 en kcl.ac.uk/jobs/search (la URL buena): NINGUNA vacante en el Social Genetic and Developmental Psychiatry Centre. En todo el IoPPN solo hay una plaza viva, un Clinical Research Fellow en el campus de Denmark Hill (referencia 158285) que cierra el 7-oct-2026 y que describe un centro de neuroimagen: no encaja, porque la neuroimagen es tecnica que ella solo ha usado supervisada y porque es un puesto clinico, ademas de incompatible con su disponibilidad de mid-2027.	MRC centre + multiples subvenciones; una publicacion reciente en Nature (ene 2026) indica programas activos y financiados (fuente: resultados de busqueda)	DATO NUEVO: direccion de correo publicada en la propia pagina de la unidad, cathryn.lewis@kcl.ac.uk. Ya no hace falta buscarla antes de escribir.	Articulo en Nature (ene 2026) con Lewis y Breen; trabajo en curso de PRS de depresion	5	Coincidencia nuclear en lineas 1-2, con el PRS de depresion como fuerza nombrada - directamente su linea 2. La Statistical Genetics Unit de Lewis es un hogar explicito de genetica estadistica. RU necesita visado (marcar). Primer correo: nombrar la unidad, citar su foco en depresion/salud mental, preguntar por plazas postdoc o co-patrocinio de beca (podria traer su propia beca).	HIGH	Centro insignia de genetica psiquiatrica/estadistica del Reino Unido, fuerte demanda de candidatos	S	VERIFIED	2026-09-28	2026-08-24	2026-09-28	UNCHANGED	Mantener kcl.ac.uk/jobs/search en la revision semanal filtrando por SGDP. Reino Unido post-Brexit anade friccion de visado para ciudadana UE, asi que esta fila solo justifica esfuerzo si sale algo especificamente de genetica psiquiatrica.	NEW	https://www.kcl.ac.uk/research/sgu	kcl.ac.uk/research/sgu reabierta el 2026-09-14 (Tier 1): sigue sin seccion de vacantes, sin noticias ni cambios de personal fechados en 2026, y confirma a Lewis al frente con su correo institucional.
L-0007	Grotzinger Lab (genomica psiquiatrica multivariante)	Andrew Grotzinger	Institute for Behavioral Genetics y Dept of Psychology and Neuroscience, University of Colorado Boulder	Boulder	USA	Desarrollo de metodos genomicos multivariantes (Genomic SEM), genetica psiquiatrica y cognitiva transdiagnostica	Genomic SEM, modelizacion de summary-stats de GWAS, PRS; R	Sin plaza propia del laboratorio. La via de FORMACION del IBG queda CERRADA para ella: las becas T32 (NRSA institucional del NIH) exigen ciudadania estadounidense, nacionalidad no ciudadana o residencia permanente legal en el momento de la concesion. Es requisito de elegibilidad del NIH, no una preferencia del centro, y no admite patrocinio de visado. Solo le sirve un contrato pagado con fondos de proyecto del propio laboratorio.	Autor principal de un articulo en Nature (dic 2025) (5 factores genomicos en 14 trastornos psiquiatricos); programa activo financiado por NIH implicito (fuente: noticias CU Boulder IBG)	Correo en frio a Andrew.Grotzinger@colorado.edu (direccion confirmada en su ficha oficial del IBG) con la pregunta de financiacion POR DELANTE: si tiene fondos de proyecto que permitan contratar a alguien sin ciudadania ni residencia permanente estadounidense, porque la via T32 esta descartada. De paso, pedirle que confirme su cargo actual.	Nature (dic 2025): mapeo del paisaje genetico en 14 trastornos psiquiatricos (s41586-025-09820-3). DATO NUEVO: Grotzinger es el galardonado 2026 del Spence Award de la APS (premio a investigadores jovenes destacados), senal de laboratorio en ascenso y con visibilidad.	4	Fuerte encaje con lineas 1-2 con un metodo de moda y alta visibilidad (Genomic SEM) que podria aprender rapido dado su fondo de R/estadistica. Laboratorio de inicio de carrera = menor competencia y mayor capacidad de respuesta que los mega-hubs. EE.UU. = patrocinio de visado (marcar). El correo debe proponer una aplicacion concreta de Genomic SEM a un fenotipo que conoce (p.ej. sueno o un rasgo psiquiatrico) y notar que quiza pueda traer financiacion de una beca de la UE.	MEDIUM	Laboratorio junior, equipo mas pequeno/nuevo que los hubs consolidados	S	VERIFIED	2026-09-14	2026-08-24	2026-09-14	UPDATED	Escribir a Grotzinger preguntando primero por la financiacion (fondos de proyecto vs T32) y por su cargo actual. Si la respuesta es que solo hay T32, la puerta se cierra y conviene saberlo antes de invertir en la candidatura.	NEW	https://www.colorado.edu/ibg/andrew-grotzinger	CORRECCION: la URL que la ficha daba por rota SI funciona; abierta el 2026-09-14 (Tier 1), de ahi sube a VERIFIED. De ella salen su correo y la web nueva del laboratorio, p-badger-lab.com, tambien abierta (Tier 1): describe psiquiatria, neurodesarrollo, salud inmune y envejecimiento cognitivo, pero NO tiene seccion ni texto de contratacion. La regla de elegibilidad T32 procede de la documentacion oficial del NIH (grants.nih.gov, activity code T32, y NIH Grants Policy Statement 11.2.2), Tier 1. AVISO: su ficha del IBG lo lista como Adjunct Professor; un cargo adjunto puede ser afiliacion de cortesia y suele implicar menor capacidad de contratar con fondos propios -- preguntarselo.
L-0008	Saxena Lab (genomica del sueno y circadiana)	Richa Saxena (con Hassan Dashti)	Center for Genomic Medicine, Massachusetts General Hospital / Harvard Medical School / Broad Institute	Boston	USA	Genetica de rasgos de sueno y circadianos (duracion, siestas, cronotipo), enlaces sueno-cardiometabolico, GWAS de salud del sueno compuesta	GWAS a gran escala (UK Biobank, etc.), fenotipado por acelerometro/actigrafia, PRS; R/Python	Sin cambios a 2026-09-21: la pagina de empleo del laboratorio sigue diciendo literalmente 'Coming Soon!'. La portada si dice 'We are looking for talented, enthusiastic researchers to join us', o sea que reclutan por contacto directo y no por anuncio.	Laboratorio permanente financiado por NIH en MGH/Broad; subvencion 2025-26 especifica no confirmada	Formulario de contacto del laboratorio en saxena.mgh.harvard.edu; no hay email nominal publicado, solo el formulario y la direccion postal (185 Cambridge St, 5th Floor, Boston, MA 02114). EE.UU. exigiria patrocinio de visado.	GWAS de siesta diurna con 123 regiones del genoma asociadas; trabajo sobre trabajo por turnos de noche, riesgo genetico y diabetes tipo 2 en UK Biobank; sueno y infarto de miocardio; 'Timing of Food Intake'. Cuatro lineas activas: genetica del sueno, genetica circadiana, genetica de complicaciones del embarazo y nexo sueno/circadiano-enfermedad (neurologica y cardiometabolica).	4	El laboratorio de genetica del sueno mas conocido del mundo - encaja con la linea 3 (genetica del sueno) ejecutada con metodos de linea 1. Sueno adulto mas que infantil, asi que el correo debe notar su angulo de genetica del sueno infantil como extension complementaria. Visado EE.UU. (marcar). Buena diana si quiere hacer de la genetica del sueno su titular en vez de la psiquiatrica.	HIGH	Laboratorio de elite Harvard/Broad de genetica del sueno, alta demanda de candidatos	S	VERIFIED	2026-09-21	2026-08-24	2026-09-21	UNCHANGED	Carta en frio por el formulario en 2027 con el angulo de genetica del sueno infantil. Requiere patrocinio de visado.	NEW	https://saxena.mgh.harvard.edu/our-lab/jobs-in-the-lab/	Pagina propia del laboratorio abierta el 2026-09-21. AVISO IMPORTANTE: saxenalab.org NO es este laboratorio, es el de Shreya Saxena (Yale). El sitio correcto de Richa Saxena es saxena.mgh.harvard.edu.
L-0009	Estonian Genome Centre / grupo de genetica estadistica del Estonian Biobank	Reedik Magi (con Kristi Lall)	Institute of Genomics, University of Tartu	Tartu	Estonia	GWAS de rasgos complejos, epidemiologia genetica a escala de biobanco (>200.000 participantes en el Estonian Biobank), PRS para traslacion clinica, fenotipado de datos de atencion primaria. DATO NUEVO util: el instituto tiene grupos propios de 'Neuropsychiatric genomics' y de 'Bioinformatics and genomic epidemiology' ademas del de genomica de enfermedad humana - el de genomica neuropsiquiatrica es diana directa de su linea 2 y no estaba en esta ficha.	GWAS de biobanco (>212k EstBB), PRS, meta-analisis; R, herramientas tipo PLINK	Revisadas genomics.ut.ee/en y su pagina de ofertas de empleo (genomics.ut.ee/en/content/job-offers) el 2026-09-07: la pagina de empleo es un indice que reenvia a los listados de la Universidad de Tartu (ofertas academicas y de gestion por separado), sin postdoc de genetica estadistica visible. Lo unico anunciado en abierto son 'PhD positions 2026'. Sin plaza postdoc confirmada: via de correo en frio.	Infraestructura nacional de biobanco + programas UE de medicina personalizada (fuente: articulos de perfil de EstBB 2025)	Correo en frio a Magi/Lall - gancho: geneticista estadistica (PLINK/R) con formacion clinica/de medicina de laboratorio, bien situada para la traslacion de PRS de biobanco a la clinica; preguntar por lineas postdoc	'Diverse landscape of genomic research within the Estonian Biobank' (Hum Mol Genet, 2025); caracterizacion de variantes de GWAS de IMC en EstBB (Nat Commun, 2025)	4	Encaje solido de linea 1 (genetica estadistica de rasgos complejos) en un entorno UE/sin visado con un angulo de traslacion clinica que encaja con su residencia de Medicina de Laboratorio. Menor perfil que los mega-hubs = mejores probabilidades. El correo debe conectar sus habilidades de PRS/PLINK con el trabajo de rasgos complejos a escala de biobanco y su mirada MD/medicina de laboratorio con el despliegue clinico de PRS.	MEDIUM	Fuerte pero menos saturado globalmente que las insignias RU/NL/EE.UU.	S	VERIFIED	2026-09-07	2026-08-24	2026-09-07	UPDATED	Identificar quien lidera el grupo de Neuropsychiatric genomics del Institute of Genomics (es mejor diana para su linea 2 que Magi solo) y escribir a ese PI y a Magi/Lall; revisar tambien el listado academico de empleo de la Universidad de Tartu al que apunta la pagina del instituto.	NEW	https://genomics.ut.ee/en	Abri yo misma genomics.ut.ee/en y genomics.ut.ee/en/content/job-offers el 2026-09-07 (Tier 1). Sube a VERIFIED en cuanto a institucion, grupos y estado de vacantes. Salvedad honesta: el cargo actual de Reedik Magi NO lo he reconfirmado en una ficha personal - no aparece en la portada.
L-0010	Grupo de Neurogenetica (Depto de Genetica, UB)	Bru Cormand	Universitat de Barcelona / IBUB / CIBERER	Barcelona	Spain	Genetica de trastornos neuropsiquiatricos/del neurodesarrollo (TDAH, TEA, migrana, uso de sustancias), GWAS + variantes raras + funcional	GWAS, secuenciacion de exoma, PRS/solapamiento poligenico, transcriptomica, modelos animales	Sin oferta concreta del grupo localizada el 2026-09-28. Se confirma el patron previsto: la Universitat de Barcelona saca convocatorias postdoctorales centralizadas (se documentan plazas postdoctorales de la UB en neurociencias con plazos en abril), no anuncios de grupo, de modo que la via realista sigue siendo co-solicitar una ayuda nacional (Juan de la Cierva, Margarita Salas) con el como acogida. No se pudo abrir la pagina del grupo: ub.edu devolvio 503 en el intento del 2026-09-28.	Grupo de larga trayectoria financiado por MICIN/CIBERER; subvencion actual especifica no confirmada	Correo en frio a Cormand en espanol, sin cambios de estrategia: opcion en su propio pais, sin reubicacion, proponiendo co-solicitar una beca postdoctoral espanola. El email institucional sigue SIN obtener y no se inventa. La ficha con contenido esta en sira.ub.edu/static/fitxes/Biologia.html?id=bcormand.ub.edu&lang=es, que es la version estatica de la ficha que antes solo cargaba con JavaScript.	Contribuidor al GWAS de TDAH de 27 loci y trabajo de 2025 sobre variantes comunes y raras en TDAH. Confirmado por fuentes secundarias concordantes que firma mas de 200 articulos revisados por pares en revistas como Cell, Science, Nature Genetics, PNAS, American Journal of Human Genetics y Molecular Psychiatry, y que sus lineas actuales son la base genetica de autismo, migrana, TDAH y trastornos por uso de sustancias.	3	GWAS psiquiatrico (TDAH, autismo, trastornos por uso de sustancias) con metodos que ella maneja sola: su linea 2. El valor diferencial de esta fila no es el encaje cientifico, que es medio, sino que es la unica opcion en Espana sin reubicacion, compatible con terminar la residencia en Malaga.	MEDIUM	Grupo espanol consolidado; contratacion condicionada a becas nacionales	S	UNVERIFIED	2026-09-28	2026-08-24	2026-09-28	UPDATED	Abrir a mano en un navegador real la ficha estatica sira.ub.edu/static/fitxes/Biologia.html?id=bcormand.ub.edu&lang=es y la pagina del grupo ub.edu/ibub/research-group/human-molecular-genetics/ (ub.edu dio 503 hoy, reintentar en una semana) para sacar su email. Sin email no se escribe.	NEW	https://www.ub.edu/ibub/research-group/human-molecular-genetics/	La URL rota anterior (ub.edu/genetica) se sustituye por la ficha oficial de personal de la UB: webgrec.ub.edu redirige con 301 permanente a sira.ub.edu, portal institucional de investigadores de la UB, dominio Tier 1 y enlace que resuelve. Salvedad: el contenido se genera con JavaScript y el lector automatico solo recupero encabezados vacios, asi que la ficha NO se ha leido y la fila sigue UNVERIFIED. El otro candidato, ub.edu/ibub/research-group/genetics-and-genomics-of-human-disorders, devolvio 'Pagina temporalment no disponible' en el unico intento. ATENCION AL NOMBRE: fuentes secundarias de la UB e IBUB llaman al grupo tanto 'Grup de Recerca de Neurogenetica' como 'Genetics and Genomics of Human Disorders', y situan a Cormand como catedratico del Departament de Genetica, Microbiologia i Estadistica e investigador ICREA Academia 2021 -- ninguno de esos datos esta confirmado en Tier 1.
L-0011	Population Genetics of Human Communication (PGHC) - Departamento de Language & Genetics, Max Planck	Beate St Pourcain (lidera el grupo Population Genetics of Human Communication, dentro del Departamento de Language and Genetics que dirige Simon Fisher) - CORREGIDO: esta ficha decia 'sin confirmar, probablemente el depto de Simon Fisher'	Max Planck Institute for Psycholinguistics	Nijmegen	Netherlands	Genetica de poblaciones y epidemiologia genetica del comportamiento social y la comunicacion humana, con enfasis en el CAMBIO DEL DESARROLLO desde la primera infancia; trayectorias de salud mental, condiciones del neurodesarrollo y fenotipos cerebrales; trabajo sobre cohortes de nacimiento a traves del consorcio EAGLE	GWAS, epidemiologia genetica del desarrollo, analisis de datos omicos de arquitectura genetica de fenotipos humanos, cohortes longitudinales de nacimiento (EAGLE); R, Python, Perl, shell	SIGUE ABIERTA, re-verificada el 2026-09-28 por ruta alternativa: postdoc de 3 anos en Statistical Genomics/Genetic Epidemiology, revision continua desde el 8-oct-2026 hasta cubrir la plaza, inicio propuesto 1-dic-2026 negociable. Ni el plazo ni la fecha de inicio se han movido respecto al 2026-09-21. DATO NUEVO IMPORTANTE: esta NO es la primera ronda. Existe un anuncio anterior identico ya caducado (Nature Careers 12853299: revision desde el 8-mar-2026, cierre 5-abr-2026, inicio 1-may-2026 negociable hasta el 15-jun-2026), luego el grupo reabre la MISMA plaza de 3 anos varias veces al ano. Ademas hay ahora mismo un segundo anuncio de postdoc y un doctorado de 4 anos en la misma linea. Banda salarial publicada en la ronda caducada: 5.709,87 a 7.025,87 EUR brutos al mes mas 8% de paga de vacaciones. Requisito literal sin cambios: doctorado obtenido o 'expected shortly'. Sigue siendo la unica plaza viva de la pestana.	Max Planck Society. Grupo Population Genetics of Human Communication, con colaboracion de Conor Dolan y Dorret Boomsma (VU Amsterdam) y la red Gene Amsterdam.	beate.stpourcain@mpi.nl (cientifico) y secretariat.genetics@mpi.nl (general). Sin cambios, re-confirmados hoy.	Programa del grupo PGHC sobre correlatos geneticos del comportamiento social desde la primera infancia y trayectorias de salud mental, con participacion en el consorcio EAGLE (Early Genetics and Lifecourse Epidemiology)	4	Genetica estadistica de rasgos complejos y correlatos geneticos del comportamiento social desde la primera infancia, con modelos de ecuaciones estructurales y datos de gemelos y omicas: toca sus lineas 1 y 3 a la vez. El hecho de que el grupo contrate en rondas repetidas la convierte en una diana realista pese al desajuste de fechas.	MEDIUM	Convocatoria abierta rodante y sin plazo de cierre, lo que reparte las candidaturas en el tiempo; el prestigio Max Planck atrae candidatos pero el perfil pedido (genomica estadistica sobre cohortes del desarrollo) es especializado	S	LIKELY	2026-09-28	2026-08-24	2026-09-28	UPDATED	Escribir a beate.stpourcain@mpi.nl antes del 8-oct-2026, pero cambiando el enfoque: ya no se pregunta solo si el inicio de dic-2026 admite 2027-2028, se pregunta por la PROXIMA RONDA, porque esta plaza se ha reabierto al menos dos veces en 2026. Mencionar que estaria libre en mid-2027 sin doctorado terminado y en feb-2028 con el, y preguntar en que ronda tendria sentido presentarse.	NEW	https://www.mpi.nl/career-education/vacancies/vacancy/3-year-postdoctoral-research-scientist-position-statistical-0	Pagina propia de vacantes del MPI Nijmegen abierta el 2026-09-21. Correccion de URL: mpi.nl/career/vacancies da 404; la viva es mpi.nl/career-education/vacancies.
L-0012	Grupo de genetica estadistica psiquiatrica de Wouter Peyrot (proyecto ERC PersonalRiskProfile)	Wouter Peyrot	Amsterdam UMC, Departamento de Psiquiatria (con doble afiliacion al Departamento de Complex Trait Genetics de la VU Amsterdam)	Amsterdam	Paises Bajos	Genetica estadistica de trastornos psiquiatricos: analisis cross-disorder, prediccion poligenica (PRS, DDx-PRS), integracion de variantes comunes y raras con historia familiar y patrones cross-ancestry, e impacto del emparejamiento selectivo y la seleccion natural. Objetivo declarado del ERC: identificar personas con riesgo elevado de enfermedad mental grave para prevencion personalizada.	Pipelines de genetica estadistica sobre biobancos y datos del PGC; desarrollo de metodos (R, Python, linea de comandos); PRS multi-rasgo. No exige neuroimagen ni electrofisiologia.	NEGATIVO VERIFICADO el 2026-09-28 en el portal de empleo del Amsterdam UMC (werkenbij.amsterdamumc.org): 92 vacantes vivas, de las cuales solo 7 son de investigacion, y ninguna en Psiquiatria ni en genetica, genetica estadistica, genetica psiquiatrica, GWAS o bioestadistica.	ERC Starting Grant de 1,5 millones de euros para el proyecto PersonalRiskProfile, segun la nota oficial de Amsterdam UMC (amsterdamumc.org, Amsterdam Public Health) leida el 2026-09-07. Colchon de varios anos.	Correo en frio directo a Wouter Peyrot (buscar la direccion en su ficha de Amsterdam UMC o en pure.amsterdamumc.nl; no la he verificado, no la inventes). Gancho: es psiquiatra con formacion en matematicas que hace genetica estadistica, exactamente el perfil hibrido de ella; presentarse como MD con residencia de Medicina de Laboratorio y tesis en genetica estadistica de rasgos complejos, mencionar el manuscrito en revision en Nature Mental Health del proyecto QIMR y ofrecerse para la parte de PRS multi-trastorno de PersonalRiskProfile. Ruta calida alternativa: Danielle Posthuma (L-0001) comparte departamento en la VU.	DDx-PRS (distinguir trastornos psiquiatricos con puntuaciones poligenicas, preprint en medRxiv y publicacion posterior); trabajo continuado en el Cross-Disorder Working Group del PGC, del que es co-chair en 2026.	5	Es el encaje mas limpio de toda la pasada: linea 1 y linea 2 de ella a la vez (genetica estadistica de rasgos complejos aplicada a GWAS/PRS psiquiatricos), tecnicas exactamente las que despliega sola (PLINK, R, algo de Python) y cero exigencia de neuroimagen o electrofisiologia. Culturalmente es el mejor espejo posible: Peyrot es medico psiquiatra que hizo el salto a la genetica estadistica, asi que entiende de primera mano el itinerario MD que quiere hacer ella y no lo leera como una carrera rara. El colchon de financiacion es fresco (ERC StG recien concedido), lo que significa plantilla por construir y no una plantilla llena. Ademas es co-chair 2026 del Cross-Disorder del PGC, o sea puerta de entrada a la red donde se hacen los papers que ella quiere firmar. Movilidad libre por ciudadania UE. El primer acercamiento debe decir tres cosas: (1) soy MD y termino residencia el 22-may-2027, con doctorado previsto para feb-2028, asi que puedo entrar antes como investigadora predoctoral o incorporarme ya doctorada segun lo que necesite el proyecto; (2) manejo pipelines GWAS/PRS de forma independiente y traigo un empirico de primera autora en revision en Nature Mental Health del proyecto australiano; (3) propuesta concreta, no generica: la capa clinica de PersonalRiskProfile (fenotipado y valor predictivo real en consulta) es donde una medica aporta lo que un bioinformatico no.	HIGH	Grupo con ERC recien concedido en un tema de moda (prediccion poligenica en psiquiatria) y en Amsterdam, uno de los tres o cuatro polos mundiales de genetica de rasgos complejos. Atraera candidaturas de toda Europa. Contrapeso real: el perfil MD con residencia de laboratorio es escaso en esa cola de candidatos.	S	VERIFIED	2026-09-28	2026-09-07	2026-09-28	UNCHANGED	Seguir vigilando werkenbij.amsterdamumc.org semanalmente (es el portal bueno) y, en paralelo, plantear el correo en frio: Peyrot es de los pocos que combina metodos de PRS con psiquiatria clinica, que es exactamente su perfil.		https://werkenbij.amsterdamumc.org/en/vacancies/all-vacancies	Tablon oficial en ingles de Amsterdam UMC abierto el 2026-09-21.
L-0013	Grupo de Kelli Lehto, Instituto de Genomica (proyecto ERC AT-TENSION)	Kelli Lehto	Institute of Genomics, University of Tartu (Biobanco de Estonia)	Tartu	Estonia	Causas geneticas y ambientales de los rasgos de TDAH en adultos, solapamiento genetico con otros trastornos mentales, e interaccion de estres, estilo de vida y pandemia sobre la sintomatologia a lo largo de la edad y el sexo. Desarrollo de una herramienta de cribado que combina autoinforme, historia clinica electronica, datos geneticos y aprendizaje automatico.	GWAS y puntuaciones poligenicas sobre cinco grandes biobancos (Estonia, Noruega, Paises Bajos, Suecia y Reino Unido); epidemiologia genetica longitudinal; historia clinica electronica vinculada; machine learning. Sin neuroimagen ni electrofisiologia.	Sin plazas anunciadas en la pagina del grupo a 2026-09-21. Hay una oferta de postdoc de su grupo circulando en el boletin de la Behavior Genetics Association con cierre el 2 de marzo, pero NO se ha podido confirmar el ano ni si sigue viva: se da por CADUCADA salvo prueba en contra.	ERC Starting Grant (AT-TENSION). El grupo participa en TIMESPAN, COVIDMENT, PGC, CoMorMent, PsycheMERGE, EstWell y R2D2-MH, y ha recogido datos de bienestar y salud mental de mas de 86.000 participantes del Biobanco de Estonia.	genoomika@ut.ee (email de grupo; sin email nominal de Lehto verificado).	Proyecto AT-TENSION (Attention on inattention: dissecting the causal mechanisms of adult ADHD features), concedido en la convocatoria ERC StG 2025 y difundido por la Universidad de Tartu y ERR en 2025.	5	Linea 2 pura (GWAS/PRS de salud mental) con la metodologia exacta que ella despliega sola y ni una sola tecnica que no domine. Es un grupo pequeno y en construccion alrededor de un ERC fresco, lo que da dos ventajas raras a la vez: financiacion asegurada varios anos y competencia mas baja que en los polos grandes, porque Tartu no es el primer destino que se le ocurre a un candidato de Londres o Amsterdam. Encaje adicional poco obvio: AT-TENSION construye un cribado clinico a partir de historia clinica electronica y datos geneticos, y eso es literalmente el terreno de una especialista en Medicina de Laboratorio; ella puede ofrecer criterio sobre calidad y significado de las variables clinicas, no solo codigo. Ciudadania UE, sin visado. El Biobanco de Estonia esta ya en la tabla via Reedik Magi (L-0009), pero es otro PI, otra linea y otro dinero, y ademas ese solapamiento juega a favor: dos puertas en la misma institucion. El primer acercamiento debe pedir concretamente la parte psiquiatrica-clinica del proyecto (definicion de fenotipos de TDAH adulto a partir de registros sanitarios y validacion del cribado) y declarar las fechas: disponible desde mediados de 2027 sin doctorado terminado, doctorada en feb-2028.	MEDIUM	ERC recien concedido y muy publicitado (Tartu, ERR, EurekAlert), lo que atrae solicitudes; pero Estonia recibe menos candidaturas espontaneas que Amsterdam, Londres o Boston y el grupo es de tamano medio-pequeno.	S	LIKELY	2026-09-21	2026-09-07	2026-09-21	UPDATED	Buscar el email nominal de Lehto en ut.ee/en/employee/kelli-lehto y escribirle en frio en 2027 con el angulo del ERC AT-TENSION (TDAH adulto, genomica y ciencia de datos).		https://genomics.ut.ee/en/research-group-neuropsychiatric-genomics	Pagina propia del grupo abierta el 2026-09-21: confirma a Kelli Lehto como PI y profesora asociada. Bloqueos nuevos: ut.ee/en/vacancies da 404 y ut.ee/en/content/job-offers da 403, asi que el tablon central de Tartu no es accesible por esa via.
L-0014	Grupo de Psiquiatria Infantil y Genetica del Comportamiento de Christel Middeldorp	Christel Middeldorp	Amsterdam UMC, catedra de Psiquiatria Infantil y Adolescente y Atencion Psicosocial (institutos Amsterdam Public Health y Amsterdam Reproduction & Development)	Amsterdam	Paises Bajos	Influencias geneticas y familiares sobre las trayectorias de sintomas psiquiatricos en la infancia y la adolescencia; asociaciones de genoma completo en psicopatologia infantil y trastornos de ansiedad; estudios longitudinales y de gemelos; modelos de atencion integrada a familias.	Genetica del comportamiento (modelos de gemelos), GWAS y puntuaciones poligenicas en cohortes de desarrollo, epidemiologia longitudinal. No exige neuroimagen ni electrofisiologia.	NEGATIVO VERIFICADO el 2026-09-28 en el portal de empleo del Amsterdam UMC (werkenbij.amsterdamumc.org): 92 vacantes, 7 de investigacion, ninguna en Psiquiatria Infantil y del Adolescente ni en genetica o bioestadistica.	UNKNOWN. Su ficha institucional de Amsterdam UMC no detalla proyectos ni cuantias; no he localizado una fuente Tier 1 de financiacion vigente y no la invento. Verificar en pure.amsterdamumc.nl o preguntandole.	Correo en frio a Christel Middeldorp a traves de su ficha de Amsterdam UMC o de Pure. Gancho doble y muy fuerte: es MD PhD igual que ella (medica que hace genetica del comportamiento) y ademas es la representante clinica de la junta de la ISPG, o sea que evaluar a una medica que quiere entrar en genetica psiquiatrica es exactamente su papel institucional. Proponer la interseccion sueno infantil y psicopatologia del desarrollo, que es el hueco entre su linea 2 y su linea 3.	Publicaciones sobre asociaciones de genoma completo en psicopatologia infantil, ansiedad y salud mental en la adolescencia, incluida la relacion entre caracteristicas del ciclo menstrual y salud mental en la adolescencia temprana.	5	Es el unico grupo de la pasada que toca a la vez las lineas 2 y 3 de ella: genetica de la psicopatologia infantil, con cohortes de desarrollo y modelos de gemelos, que es el sustrato natural donde meter la genetica del sueno en lactantes y ninos pequenos. Las tecnicas son las suyas (GWAS, PRS, longitudinal) y no hay ninguna barrera de neuroimagen ni electrofisiologia. El encaje cultural es el argumento decisivo: Middeldorp es medica con doctorado que hizo carrera en genetica del comportamiento y ocupa el asiento clinico en la junta de la ISPG; para ella el itinerario MD hacia la genetica estadistica no es una rareza que haya que justificar, es su propia biografia. Amsterdam concentra ademas a Peyrot y a Posthuma (L-0001), asi que una sola visita puede convertirse en tres conversaciones. El primer acercamiento debe llevar una propuesta escrita, no una pregunta abierta: los dos manuscritos en revision (la revision en Journal of Sleep Research y el empirico en Nature Mental Health) como carta de presentacion, y una idea concreta de proyecto sobre determinantes geneticos del sueno en los primeros anos dentro de sus cohortes longitudinales, senalando que ella aporta la mirada clinica y el pipeline GWAS/PRS. Advertencia honesta: la financiacion vigente no esta verificada, asi que hay que preguntar por el colchon antes de invertir mucho.	MEDIUM	Catedra visible en un polo competitivo, pero la interseccion sueno infantil y genetica esta menos poblada que la genetica psiquiatrica de adultos, y el perfil medico reduce la cola de competidores comparables. Competition_Basis parcialmente inferido, no medido.	S	VERIFIED	2026-09-28	2026-09-07	2026-09-28	UNCHANGED	Vigilancia semanal de werkenbij.amsterdamumc.org. Middeldorp es la fila con mejor puente hacia su linea 3 (sueno infantil) desde psiquiatria infantil, asi que merece correo en frio aunque no haya plaza.		https://www.amsterdamumc.org/en/research/researchers/christel-middeldorp.htm	Tier 1: ficha institucional de investigadora de Amsterdam UMC leida el 2026-09-07. Localizada a traves de la junta directiva de la ISPG (ispg.net/board-of-directors), donde figura como Clinical Representative: angulo de comites de sociedades, no usado en la pasada anterior.
L-0015	Division of Psychiatry / grupo de psiquiatria biologica de Andrew McIntosh (Generation Scotland, UKRI Mental Health Platform)	Andrew McIntosh	University of Edinburgh, School of Neurological and Cardiovascular Sciences; director de la UKRI Mental Health Platform	Edimburgo	Reino Unido	Causas geneticas y ambientales del trastorno depresivo mayor; mecanismos y consecuencias causales de la depresion; genetica de esquizofrenia y trastorno bipolar; investigacion en cohortes poblacionales.	GWAS, metilacion del ADN, puntuaciones de riesgo poligenico, epidemiologia genetica en cohortes poblacionales; participacion en ENIGMA (neuroimagen consorciada, pero como una linea entre varias, no como requisito de entrada).	Su ficha declara que acepta candidaturas de doctorado en riesgo genetico y ambiental de la depresion, heterogeneidad de la enfermedad, patrones longitudinales de inicio y mecanismos de resiliencia psicologica. No verificada ninguna plaza postdoctoral concreta.	Direccion de la UKRI Mental Health Platform (plataforma nacional financiada por UKRI) segun su perfil oficial de la Universidad de Edimburgo, leido el 2026-09-07. Cuantia y fechas no verificadas.	Correo en frio a Andrew McIntosh via su perfil de research.ed.ac.uk. Gancho: es psiquiatra y co-chair del grupo de trabajo de Depresion Mayor del PGC; presentarse como medica que hace GWAS/PRS y preguntar por las vias de entrada a la UKRI Mental Health Platform, mencionando la disponibilidad desde mediados de 2027. Si la respuesta es que solo hay doctorado, no es un no: ella puede entrar antes de defender la tesis solo en puestos que no exijan doctorado.	Estudio de 2025 en Cell que identifica 697 asociaciones e implica tipos celulares y farmacoterapias en la depresion a traves de grupos ancestrales.	4	Linea 2 en su version mas potente: es uno de los grupos que define el GWAS de la depresion a escala mundial, con Generation Scotland detras y el paper de Cell de 2025 como prueba de que ahi se publica en la primera division. Las tecnicas nucleares (GWAS, PRS, metilacion) son las que ella despliega sola. El descuento respecto de un 5 es honesto y doble: primero, no he verificado ninguna plaza ni cuantia concreta de contratacion, solo la direccion de la plataforma UKRI y la apertura declarada a doctorandos; segundo, parte del grupo trabaja con neuroimagen via ENIGMA, y aunque no parece requisito de entrada, ella no puede desplegar RM sola el dia 1 y conviene decirlo antes que ocultarlo. Encaje cultural bueno: McIntosh es medico psiquiatra, no le sorprendera una candidata MD. Reino Unido no requiere visado dificil pero si patrocinio, hay que senalarlo. El primer acercamiento debe ser breve y concreto: MD con residencia de Medicina de Laboratorio hasta may-2027, tesis en genetica estadistica con defensa prevista feb-2028, pipeline GWAS/PRS propio, dos manuscritos de primera autora en revision, y pregunta directa sobre si la UKRI Mental Health Platform contrata perfiles clinicos-computacionales en 2027.	HIGH	Grupo de altisima visibilidad (Highly Cited Researcher, paper en Cell 2025, plataforma nacional UKRI) en un pais de destino preferente para candidatos internacionales.	S	VERIFIED	2026-09-07	2026-09-07	2026-09-07	NEW	Vigilar la pagina de vacantes de la UKRI Mental Health Platform y de la Universidad de Edimburgo durante el otono de 2026; enviar correo en frio a McIntosh preguntando por perfiles clinico-computacionales y por si el grupo patrocina visado.		https://www.research.ed.ac.uk/en/persons/andrew-mcintosh	Tier 1: perfil oficial de investigador de la Universidad de Edimburgo (research.ed.ac.uk) leido el 2026-09-07. Localizado via la junta directiva de la ISPG, donde figura como vicepresidente.
L-0016	Grupo de metodos estadisticos genomicos de Pier Francesco Palamara (proyecto ERC ARGgen)	Pier Francesco Palamara	University of Oxford	Oxford	Reino Unido	Metodos genealogicos y estadisticos para el analisis genomico a gran escala (proyecto ARGgen): inferencia de grafos de recombinacion ancestral y su uso para el estudio de rasgos complejos en biobancos.	Desarrollo de metodos y software de genetica estadistica, inferencia genealogica, analisis de biobancos a escala; programacion intensiva (C++, Python, R). Fuerte componente metodologico y computacional.	No verificada ninguna plaza publicada. Un ERC Consolidator concedido en noviembre de 2025 implica contratacion de postdocs y doctorandos durante 2026-2027.	ERC Consolidator Grant 2025, panel LS2, proyecto ARGgen, confirmado en la lista oficial de investigadores principales del dominio LS publicada por el ERC el 28-11-2025 (erc-2025-cog-results_ls.pdf), descargada y leida el 2026-09-07. Cuantia no detallada en esa lista (el techo tipico de un Consolidator son 2 millones de euros); no la afirmo.	Correo en frio al PI en Oxford (direccion en su pagina del Departamento de Estadistica o del Big Data Institute; no verificada, buscarla antes). Gancho: ARGgen es metodologia pura de genetica estadistica de rasgos complejos, que es su linea 1; ofrecer el angulo de aplicacion biomedica y el fenotipado clinico que un grupo de metodos suele tener flojo, y declarar el nivel real de programacion (PLINK y R independientes, Python intermedio) sin inflarlo.	Concesion del ERC Consolidator ARGgen (noviembre de 2025). No he revisado su produccion reciente por limite de presupuesto.	4	Da de lleno en la linea 1 declarada como preferente (genetica estadistica de rasgos complejos) y con dinero recien concedido, que es justo el momento en que un PI contrata y todavia nadie ha anunciado nada. Ninguna tecnica del grupo cae en su zona supervisada: no hay neuroimagen ni electrofisiologia, todo es estadistica y computacion. El descuento respecto de un 5 tiene una causa concreta y no es la competencia: es un grupo de desarrollo de METODOS, y el nivel de programacion que exige el dia a dia (C++ o Python avanzado para software de inferencia genealogica) esta por encima del PLINK y R independientes mas algo de Python que ella declara. Es un encaje fuerte pero condicionado: entraria como la persona que aplica los metodos a fenotipos biomedicos y aporta criterio clinico, no como la que escribe el motor. El primer acercamiento debe ser explicito en eso para no venderse como lo que no es, y debe preguntar si ARGgen prevee un perfil de aplicacion clinica ademas de los perfiles de metodos. Reino Unido: hace falta patrocinio de visado, senalarlo. Disponibilidad desde mediados de 2027.	HIGH	Oxford mas ERC Consolidator mas genetica estadistica metodologica: atrae candidaturas de matematicos y estadisticos con perfil computacional muy superior al suyo en programacion.	S	VERIFIED	2026-09-07	2026-09-07	2026-09-07	NEW	Localizar la pagina oficial del grupo en Oxford (Departamento de Estadistica o Big Data Institute) y su correo; solo entonces decidir si merece un correo en frio o si conviene priorizar los grupos con componente clinico. Guardar como referencia para posibles colaboraciones metodologicas.		https://erc.europa.eu/system/files/2025-12/erc-2025-cog-results_ls.pdf	Tier 1: lista oficial de PIs de las ERC Consolidator Grants 2025, dominio LS, publicada por el ERC (fecha del documento 28-11-2025), descargada y extraida localmente el 2026-09-07: entrada PALAMARA, Pier Francesco, University of Oxford, UK, ARGgen, panel LS2. La URL apunta al PDF oficial porque aun no he verificado la pagina del grupo.
L-0017	Huckins Lab (genomica psiquiatrica computacional)	Laura Huckins	Yale School of Medicine, Departamento de Psiquiatria	New Haven, Connecticut	Estados Unidos	Imputacion transcriptomica (prediccion de expresion genica a partir de datos de referencia de eQTL para tests de asociacion con rasgos) y prediccion multi-omica de rasgos psiquiatricos; genetica de los trastornos de la conducta alimentaria (co-preside el grupo de trabajo de Eating Disorders del PGC); susceptibilidad y resiliencia genetica al TEPT segun el tipo de trauma.	Metodologia estadistica sobre datos geneticos y multi-omicos, GWAS y derivados, imputacion transcriptomica; trabajo computacional puro, sin neuroimagen ni electrofisiologia.	No verificada ninguna plaza concreta en la ficha institucional.	Financiacion declarada en su perfil oficial de Yale: Klarman Family Foundation, National Institute of Mental Health y National Institute of Environmental Health Sciences. Cuantias y fechas no detalladas en esa pagina.	Correo en frio a laura.huckins@yale.edu (direccion publicada en su perfil oficial de Yale). Gancho: es la representante de Ciencia Computacional en la junta de la ISPG y co-chair de un grupo de trabajo del PGC; presentarse como MD con pipeline GWAS/PRS propio y preguntar por vias de incorporacion en 2027-2028, mencionando de entrada que se necesitaria patrocinio de visado J-1 o H-1B.	Trabajo en imputacion transcriptomica y prediccion multi-omica; Theodore Reich Early Career Award (2023); miembro de la Connecticut Academy of Science & Engineering (2023).	4	Linea 2 con una vuelta de tuerca metodologica util: es genetica psiquiatrica computacional donde el PRS clasico se extiende hacia lo multi-omico, asi que ella entra con lo que ya sabe (GWAS/PRS en PLINK y R) y sale sabiendo algo que hoy no sabe. Cero exigencia de tecnicas de su zona supervisada. Es ademas una PI joven, premiada como early career en 2023, con financiacion NIMH y NIEHS declarada en su propia pagina de Yale: laboratorio en expansion y no una catedra saturada, lo que suele significar mentoria real. Su posicion en la junta de la ISPG como representante computacional y su co-presidencia en el PGC abren red mas alla del laboratorio. Dos frenos honestos que impiden el 5: hace falta patrocinio de visado para Estados Unidos, y las lineas concretas del laboratorio (conducta alimentaria y TEPT) no son ninguna de las tres preferencias declaradas por ella, aunque el metodo si lo sea. El primer acercamiento debe apoyarse en el metodo, no en el fenotipo: decir que le interesa la extension multi-omica de la prediccion poligenica, adjuntar el empirico de primera autora en revision en Nature Mental Health y preguntar sin rodeos por la disponibilidad de patrocinio de visado, que es la condicion que decide si merece la pena seguir.	MEDIUM	Yale y financiacion NIH atraen candidatos, pero la especialidad concreta (imputacion transcriptomica en trastornos de la conducta alimentaria y TEPT) es un nicho con menos candidatos que la depresion o la esquizofrenia. Estimacion, no medida.	S	VERIFIED	2026-09-07	2026-09-07	2026-09-07	NEW	Correo en frio a laura.huckins@yale.edu en el primer trimestre de 2027 preguntando por incorporaciones postdoctorales para 2027-2028 y por patrocinio de visado; guardar la respuesta sobre visado porque sirve para calibrar toda la rama estadounidense.		https://medicine.yale.edu/profile/laura-huckins/	Tier 1: perfil oficial de Yale School of Medicine leido el 2026-09-07, incluida la direccion de correo y la lista de financiadores. Localizada via la junta directiva de la ISPG (Computational Science Representative).
L-0018	Development and Neurodiversity Lab (DIVE), estudios de gemelos BATSS y EASE	Terje Falck-Ytter (PI del laboratorio); Charlotte Viktorsson (investigadora postdoctoral que lidera la linea de sueno infantil)	Uppsala University, Departamento de Psicologia (con vinculo al Karolinska Institutet)	Uppsala	Suecia	Influencias geneticas y ambientales sobre el sueno, la capacidad de calmarse y la duracion del llanto en lactantes de 2 y 5 meses; desarrollo cerebral y conductual temprano y emergencia de condiciones del neurodesarrollo (autismo). Cohorte BATSS (Babytwins Study Sweden): 177 pares de gemelos monocigoticos y 134 dicigoticos seguidos entre los 5 y los 36 meses.	Modelos clasicos de gemelos para descomposicion genetica y ambiental; puntuaciones poligenicas derivadas de GWAS de ritmo circadiano, insomnio, sueno corto y sueno largo; ademas EEG, eye tracking, observacion directa y cuestionarios.	No verificado.	UNKNOWN. No he abierto una fuente Tier 1 de financiacion; la web de Wiley donde esta el articulo devolvio 403 en el unico intento y no he consultado la ficha de proyectos de Uppsala. No invento cuantias.	Correo en frio a Charlotte Viktorsson (ficha de personal de uu.se, referencia N19-2904) con copia o mencion a Terje Falck-Ytter. Gancho muy especifico: la revision de primera autora en revision en Journal of Sleep Research es sobre este mismo terreno, asi que el correo puede abrir con una lectura critica de su articulo de 2026 en JCPP Advances y una propuesta de aportar la capa de genetica estadistica (PRS) que el laboratorio usa pero no tiene como nucleo.	Viktorsson y cols., Genetic and environmental influences on sleep quality, ability to settle, and crying duration in 2- and 5-month-old infants: a longitudinal twin study, JCPP Advances, 2026 (doi 10.1002/jcv2.70023; PubMed 41815772). Antes: A comparison of sleep and settle behaviours across twins and singletons at 5 months of age, Infant and Child Development, 2025. La Universidad de Uppsala difundio los resultados sobre llanto y sueno en julio de 2025.	4	Es el unico grupo que he encontrado esta semana que trabaja exactamente en la linea 3 de ella, genetica del sueno en lactantes, y no en sueno adulto reetiquetado: mide calidad del sueno, capacidad de calmarse y llanto a los 2 y 5 meses en una cohorte de gemelos propia y ya recogida, y ademas usa puntuaciones poligenicas de rasgos de sueno, que es su tecnica independiente. Para una tesis que termina en esta area, entrar en BATSS significa datos longitudinales de primera infancia listos para analizar, que es justo lo que casi nadie tiene. El motivo para no darle un 5 es de tecnica y de honestidad: el laboratorio es de neurodesarrollo y su instrumental central es EEG y eye tracking, y ella no puede desplegar electrofisiologia sola el dia 1, asi que solo encaja si el puesto se define alrededor del analisis genetico-estadistico de los datos ya recogidos. Tampoco he podido verificar financiacion, asi que hay riesgo de que no haya dinero para contratar. El primer acercamiento debe ser tecnico y concreto: proponer llevar los PRS de sueno de BATSS mas alla de la descomposicion gemelar, ofreciendo su pipeline GWAS/PRS, y preguntar de frente si hay financiacion y si aceptarian una perfil que aporte genetica estadistica y mirada clinica pediatrica en lugar de electrofisiologia.	UNKNOWN	No hay plaza publicada ni datos sobre numero de solicitudes; el nicho de sueno en lactantes es pequeno, lo que sugiere competencia baja, pero es una conjetura y la registro como desconocida.	S	LIKELY	2026-09-07	2026-09-07	2026-09-07	NEW	Abrir a mano la ficha de personal de Charlotte Viktorsson en uu.se y la pagina del laboratorio DIVE para verificar correo y financiacion (la version automatica del articulo en Wiley da 403); despues, correo en frio con propuesta de analisis de PRS de sueno en BATSS. Muy recomendable citar este articulo en la revision del Journal of Sleep Research si aun esta a tiempo.		https://acamh.onlinelibrary.wiley.com/doi/10.1002/jcv2.70023	Tier 1 parcial: nota de la propia Universidad de Uppsala sobre el estudio de llanto y sueno (uu.se/en/news/2025/2025-07-14-why-your-infant-is-crying) y registro del articulo en PubMed 41815772. El texto completo en Wiley devolvio HTTP 403 en el unico intento permitido, por eso el nivel de confianza es LIKELY y no VERIFIED: quedan por confirmar a mano la lista completa de autores, la financiacion y la afiliacion exacta de cada firmante.
L-0019	Sanchez-Roige Lab	Sandra Sanchez-Roige	University of California San Diego, Departamento de Psiquiatria (vinculada al Institute for Genomic Medicine)	San Diego, California	Estados Unidos	Factores causales de los trastornos psiquiatricos y de fenotipos dimensionales, en especial trastornos por uso de sustancias y rasgos de alta impulsividad; psiquiatria de precision combinando genetica, genomica y bioinformatica medica en humanos y organismos modelo.	GWAS a gran escala sobre 23andMe, UK Biobank, Million Veteran Program, PGC y el Externalizing Consortium; procesamiento de lenguaje natural aplicado a historia clinica en trastornos por uso de sustancias; metabolomica.	La web del laboratorio tiene una seccion Join the Team, pero el contenido recuperado no detalla plazas concretas: no puedo afirmar que haya vacante abierta.	Colaboraciones y financiacion declaradas en la web del laboratorio con NIH (NIDA y NIAAA) y 23andMe; sin cuantias ni fechas verificadas.	Correo en frio a sanchezroige@ucsd.edu (direccion publicada en un documento de la consorcio de genetica del NIDA; confirmar en la web del laboratorio antes de escribir). Gancho: la PI es espanola y hace carrera en genetica psiquiatrica en Estados Unidos, asi que conoce de primera mano el paso desde Espana; escribir en ingles pero mencionar la formacion en la Complutense y en Murcia, y preguntar directamente por patrocinio de visado y por si aceptan perfiles clinicos.	Publicaciones recientes sobre envejecimiento metabolomico en condiciones de salud mental, perspectivas de curso vital en genetica psiquiatrica, procesamiento de lenguaje natural en trastornos por uso de sustancias y relacion entre anorexia nerviosa y descuento por demora.	3	Encaje plausible pero condicionado: la metodologia es exactamente la suya (GWAS y PRS a escala de biobanco sobre fenotipos psiquiatricos) y el laboratorio es grande, bien conectado con el PGC y con financiacion NIH declarada, pero el fenotipo central (uso de sustancias e impulsividad) no es ninguna de sus tres lineas preferentes, y ademas hace falta patrocinio de visado para Estados Unidos. Lo registro sobre todo por dos razones practicas: es una PI espanola que ya hizo ese camino y puede dar consejo aunque no haya plaza, y su laboratorio es una puerta al Externalizing Consortium. Merece un correo corto, no una candidatura elaborada.	MEDIUM	Laboratorio conocido en genetica de adicciones con financiacion NIH; no hay datos publicos sobre volumen de solicitudes.	XS	LIKELY	2026-09-07	2026-09-07	2026-09-07	NEW	Correo breve de contacto en frio pidiendo quince minutos de conversacion sobre como se salta de Espana a la genetica psiquiatrica en Estados Unidos; revisar la pagina Join the Team del laboratorio antes de escribir para ver si hay convocatoria abierta.		https://www.sanchezroigelab.org/	Tier 1 parcial: pagina principal del laboratorio leida el 2026-09-07 (lineas, colaboraciones y financiadores); la seccion de vacantes no se pudo leer en detalle y la direccion de correo procede de un documento del consorcio de genetica del NIDA, no de la web del laboratorio, por eso la confianza es LIKELY. Localizada via la junta directiva de la ISPG (Early Career Representative).
L-0020	KI Psychiatric Genomics Institute (KI-PGI)	Yi Lu (Lu Yi), co-director Patrick F. Sullivan	Karolinska Institutet, Department of Medical Epidemiology and Biostatistics (MEB)	Estocolmo	Suecia	statistical genetics of complex traits; GWAS/PRS of schizophrenia and depression; treatment-resistant depression; gene-environment interplay; molecular and cellular effects of psychiatric risk loci	genome-wide SNP arrays, CNV analysis, whole exome/genome sequencing, analisis de registros sanitarios nacionales suecos, PRS	NEGATIVO VERIFICADO el 2026-09-28 en ki.varbi.com (portal real de vacantes de Karolinska): ninguna plaza en el Departamento de Medical Epidemiology and Biostatistics ni en genetica estadistica o psiquiatrica, entre unas 70 vacantes vivas.	DATO NUEVO: su grupo acaba de captar un ERC Starting Grant 2026 de 1,5 M EUR a 5 anos a traves de Shuyang Yao (proyecto CANARY, L-0026), lo que implica financiacion fresca y contratacion previsible en el grupo a corto plazo aunque todavia no haya oferta publicada.	Sin cambios de destinatario, pero con una via nueva y mejor: entrar por Shuyang Yao (shuyang.yao@ki.se, email verificado), que es Assistant Professor dentro del grupo Precision Psychiatry de Yi Lu y tiene dinero nuevo que gastar. Mencionar a Lu como jefa del grupo en ese mismo correo evita duplicar contactos.	Yi Lu co-preside el MDD Working Group del PGC; produccion reciente del entorno en GWAS de depresion de inicio temprano/tardio y depresion resistente al tratamiento.	5	El grupo Precision Psychiatry de Yi Lu en MEB es genetica psiquiatrica pura (GWAS, PRS, arquitectura genetica de trastornos mentales): su linea 2 y, por metodos, su linea 1. Ahora ademas con un ERC StG recien entrado dentro del propio grupo. AVISO: L-0026 es la misma unidad, no una segunda oportunidad.	HIGH	Instituto insignia co-dirigido con Patrick Sullivan, uno de los nombres mas citados del campo; atrae candidaturas internacionales y las plazas se cubren por la red del PGC.	M	VERIFIED	2026-09-28	2026-09-14	2026-09-28	UPDATED	No escribir a Yi Lu por separado de momento: usar el correo a Shuyang Yao (L-0026) como puerta de entrada al grupo y ver si deriva. Revisar ki.varbi.com cada semana buscando MEB.		https://ki.se/en/meb/research/ki-psychiatric-genomics-institute/about-ki-pgi	Pagina institucional Tier 1 de KI leida el 2026-09-14; liderazgo de Yi Lu confirmado en paralelo en la pagina del MDD Working Group del PGC. Aviso: ki.se/en/people/yi-lu da 404, la ficha viva es ki.se/en/people/lu-yi (indexada, no abierta).
L-0021	PsychGen Centre for Genetic Epidemiology and Mental Health	Alexandra Havdahl	Norwegian Institute of Public Health (FHI) con Lovisenberg Diaconal Hospital	Oslo	Noruega	genetic epidemiology of neurodevelopmental and psychiatric conditions across the lifespan; within-family genomic analyses; co-occurrence and comorbidity; risk and resilience factors; sleep and fatigue; prediction models	analisis genomicos intrafamiliares (trios), PRS, epidemiologia genetica sobre cohortes y registros, machine learning; datos de MoBa (la mayor cohorte genotipada del mundo de ninos y ambos progenitores) y registros noruegos	No consta convocatoria abierta en la pagina del centro el 2026-09-14; centro en expansion con consorcios activos (PGC, EAGLE, Within Family Consortium, FAMILY).	No especificado en la pagina del centro; participa en el proyecto europeo FAMILY y en COVIDMENT, lo que implica financiacion UE en curso.	Correo en frio a Alexandra Havdahl como directora del centro (confirmar antes su direccion en su ficha de personal de fhi.no: la pagina 'about' del centro no nombra a nadie). Gancho: proponer un analisis intrafamiliar (trios) de sueno infantil en MoBa que separe efectos geneticos directos de los indirectos parentales -- es lo que ese centro sabe hacer y casi nadie ha aplicado al sueno de 0-3 anos.	Linea publicada sobre desarrollo de condiciones de salud mental a lo largo de la vida y procesos intrafamiliares; miembro de EAGLE y del Within Family Consortium.	5	Es el unico sitio de toda la cosecha de esta semana donde convergen sus TRES lineas a la vez, y no por casualidad: MoBa tiene fenotipos de sueno repetidos en los primeros anos de vida con genotipado de madre, padre e hijo, que es exactamente el material de su revision en Journal of Sleep Research, y el centro lo explota con metodologia de genetica estadistica. El diseno intrafamiliar es ademas la pregunta abierta de su linea 3: separar lo que hereda el nino de lo que aporta el ambiente parental. La cultura del centro es metodologica y open-source (publican sus pipelines), lo que encaja con alguien que llega con PLINK/R propios y no con una tecnica de banco. Noruega es EEE: sin visado. El primer correo debe abrir con la revision sistematica de sueno en menores de 3 anos como carta de presentacion, proponer en tres frases un analisis intrafamiliar concreto sobre MoBa y preguntar por la VIA DE FINANCIACION (postdoc del Research Council of Norway o MSCA con FHI como host), no por una plaza.	MEDIUM	Centro de alto perfil pero joven y en crecimiento, fuera del circuito anglosajon mas saturado; la barrera real es llegar con una idea concreta sobre MoBa, no el numero de candidatos.	M	VERIFIED	2026-09-14	2026-09-14	2026-09-14	NEW	Confirmar la direccion de Havdahl en su ficha de fhi.no y escribirle con una propuesta de una pagina: sueno infantil en MoBa con diseno intrafamiliar. Preguntar por MSCA o postdoc del Research Council of Norway.		https://www.fhi.no/en/me/the-psychgen-centre-for-genetic-epidemiology-and-mental-health/about-the-psychgen-centre/	Pagina Tier 1 del centro (fhi.no) leida el 2026-09-14 para lineas, metodos y socios. Salvedad: esa pagina NO nombra a la directora; el rol de Havdahl consta en su ficha de personal de fhi.no y en LinkedIn (Tier 2). Confirmar antes de encabezar el correo.
L-0022	Molecular Psychiatry research group (Cognitive Neuroscience / Human Genetics)	Barbara Franke	Radboud university medical center, Donders Institute	Nimega	Paises Bajos	complex genetics of neurodevelopmental and stress-related psychiatric conditions and their comorbidities; ADHD across the lifespan; imaging genetics	analisis conjunto de variantes comunes y raras, epigenetica y multi-omica, bioinformatica, neuroimaging genetics (ENIGMA)	No localizada convocatoria abierta el 2026-09-14; grupo grande con historial continuado de consorcios financiados por la UE.	Ha liderado consorcios UE (Aggressotype, MiND, PRIME); co-lidera la red ECNP de TDAH a lo largo de la vida.	Correo en frio a Barbara Franke presentandose como MD con pipeline GWAS-PRS independiente Y formacion supervisada en neuroimagen por RM, diciendo con precision cual es cual. Ofrecerse para la interseccion PRS-neuroimagen dentro de ENIGMA y preguntar por vias de entrada tipo MSCA o postdoc de Radboud con ella como supervisora.	Co-preside el ADHD Working Group del PGC junto a Joanna Martin; fundadora de IMpACT y miembro fundador del consorcio ENIGMA.	4	Encaje fuerte en su linea 2 con una particularidad que no se repite en ningun otro grupo de la tabla: es el unico sitio donde su formacion SUPERVISADA en neuroimagen por RM deja de ser un adorno y se vuelve argumento, porque el grupo hace imaging genetics dentro de ENIGMA y necesita gente que entienda a la vez el PRS y la RM -- una combinacion escasa incluso entre quienes dominan una de las dos. El TDAH a lo largo de la vida roza ademas el desarrollo infantil, puente natural hacia su linea 3. Paises Bajos es UE, sin visado, y el grupo tiene tradicion de captar postdocs via MSCA. La regla del primer correo es no sobrevender: decir explicitamente que la neuroimagen la aprendio en formacion supervisada y que su autonomia real esta en el lado estadistico-genetico, proponiendo un analisis PRS sobre fenotipos de imagen ya existentes. Si la vende como tecnica propia, la primera reunion tecnica la desmonta.	HIGH	PI muy visible internacionalmente, grupo grande y co-chair de working group del PGC; recibe candidaturas espontaneas de forma habitual.	S	VERIFIED	2026-09-14	2026-09-14	2026-09-14	NEW	Correo en frio a Franke ofreciendo la interseccion PRS x neuroimagen dentro de ENIGMA, declarando el nivel supervisado de la RM sin inflarlo.		https://www.radboudumc.nl/en/people/barbara-franke	Ficha institucional Tier 1 de Radboudumc leida el 2026-09-14. La pagina del grupo (radboudumc.nl/en/research/research-groups/molecular-psychiatry) no se abrio en esta pasada.
L-0023	iPSYCH - The Lundbeck Foundation Initiative for Integrative Psychiatric Research	Anders Borglum (con Preben Bo Mortensen como director cientifico; Merete Nordentoft, Thomas Werge, Ole Mors)	Aarhus University con Statens Serum Institut y Region Hovedstaden Psykiatri	Aarhus	Dinamarca	interaccion entre herencia y ambiente en la enfermedad mental; genetica de autismo, TDAH, esquizofrenia, trastorno bipolar y depresion, desde el desarrollo prenatal hasta el paciente adulto	GWAS y secuenciacion sobre mas de 130.000 participantes daneses, integracion con registros poblacionales nacionales y muestras de sangre neonatal	No consta convocatoria abierta en la pagina institucional el 2026-09-14; iniciativa grande y estable cuya puerta de entrada habitual es el contacto directo.	Financiacion de la Fundacion Lundbeck desde 2012, renovada por fases; una de las mayores iniciativas del mundo en su campo.	Correo en frio a Anders Borglum como co-chair del Autism Working Group del PGC y responsable genomico de iPSYCH; alternativa institucional ipsych@ipsych.dk. Gancho: la combinacion MD + pipeline GWAS-PRS y el interes por fenotipos del neurodesarrollo medidos pronto en la vida, que es el eje prenatal-a-adulto de iPSYCH.	Co-preside el Autism Working Group del PGC; iPSYCH sostiene la cohorte de casos-controles psiquiatricos basada en registros mas explotada de Europa.	4	Genetica estadistica pura aplicada a psiquiatria sobre una cohorte nacional con datos desde el nacimiento, incluidas muestras de sangre neonatal. Para ELLA hay dos ganchos concretos: su formacion medica sirve de verdad para trabajar fenotipos de registro clinico danes, y el eje prenatal-infancia abre la puerta a colar su linea de sueno temprano como proyecto propio en lugar de llegar como par de manos a un GWAS ya montado -- que es la diferencia entre un postdoc que construye curriculo y uno que lo alquila. Es UE, sin visado. Atencion a no confundirlo con el grupo de QGG de Aarhus (L-0003, Doug Speed): es otro departamento y otra via. El primer correo debe pedir algo concreto -- entrar en el analisis de un fenotipo del neurodesarrollo infantil de iPSYCH -- y mencionar que puede venir con financiacion propia via MSCA o postdoc de la Lundbeck Foundation.	HIGH	Iniciativa de referencia mundial con financiacion de la Fundacion Lundbeck; capta postdocs internacionales de forma constante.	M	VERIFIED	2026-09-14	2026-09-14	2026-09-14	NEW	Correo en frio a Borglum (o ipsych@ipsych.dk) proponiendo un fenotipo del neurodesarrollo infantil concreto y ofreciendo venir con MSCA o beca de la Lundbeck Foundation.		https://ipsych.dk/en/about-ipsych	Pagina institucional Tier 1 de iPSYCH leida el 2026-09-14; el rol de Borglum se confirmo en paralelo en la pagina del Autism Working Group del PGC.
L-0024	Department of Genetic Epidemiology in Psychiatry (grupo de Fabian Streit)	Fabian Streit	Hector Institute for Artificial Intelligence in Psychiatry (HITKIP), Zentralinstitut fuer Seelische Gesundheit (ZI Mannheim), Medical Faculty Mannheim, Heidelberg University	Mannheim	Alemania	genetic epidemiology of psychiatric disorders; GWAS de trastorno limite de la personalidad; depresion y ansiedad; interaccion entre trauma temprano e historia familiar; epigenetica cerebral	GWAS y PRS, EWAS y transcriptomica en tejido cerebral, analisis sobre cohortes poblacionales europeas y la cohorte nacional alemana NAKO	Desconocido: no se ha revisado el tablon de empleo del ZI. Lo que se resuelve esta semana es la adscripcion y el contacto, que estaban mal.	Desconocido; lidera el International Borderline Genomics Consortium, lo que implica financiacion de consorcio activa.	fabian.streit@zi-mannheim.de (PROBABLE, tomado de la direccion de correspondencia de sus articulos indexados, no verificado en la ficha). Telefono +49 621 1703-6054. Conviene confirmar el email escribiendo primero a la secretaria del HITKIP o por el formulario del ZI antes de la carta en frio.	Schwaba et al. 2026, 'Robust inference and correlates from genetic associations with personality', Nature; O'Connell et al. 2025, 'Genomics yields biological and phenotypic insights into bipolar disorder', Nature. Ambos destacados en su propia ficha institucional.	4	Encaje fuerte y, a diferencia de los cuatro anteriores, notablemente menos disputado: es un PI de mediana carrera recien ascendido a co-chair del PGC, el perfil que suele tener hueco y ganas de construir equipo en vez de limitarse a recibir becarios. El contenido encaja por partida doble: genetica estadistica psiquiatrica en un instituto clinico aleman, donde un MD que ademas maneja sus propios pipelines es una combinacion escasa; y su linea publicada sobre transmision parental de rasgos emocionales a la descendencia es el puente natural hacia el interes de ella por fenotipos infantiles. El obstaculo previsible en Alemania es la financiacion del puesto, no el numero de candidatos, asi que el correo debe llegar con la solucion puesta: ofrecer co-escribir una Humboldt o una MSCA con el como host, y adjuntar una pagina con el diseno de su pipeline GWAS-PRS.	MEDIUM	PI de mediana carrera, menos expuesto internacionalmente que los directores de instituto; la barrera habitual en Alemania es financiar la plaza, no la competencia.	M	LIKELY	2026-09-21	2026-09-14	2026-09-21	UPDATED	Confirmar el email por la secretaria del HITKIP o el formulario del ZI, y solo entonces escribir en frio.		https://www.zi-mannheim.de/en/research/people/person/2092.html	CORRECCION: esta fila lo situaba en el Departamento de Genetic Epidemiology in Psychiatry, y eso esta DESACTUALIZADO. Su ficha institucional viva, abierta el 2026-09-21 tras los dos 404 de la semana pasada, lo situa en el HITKIP con el Personality Disorders Genomics Group. El email no se renderiza en la ficha (ofuscado).
L-0025	PGC Cross-Population Analyses Working Group (grupo de Laramie Duncan)	Laramie Duncan (co-chairs Hailiang Huang y Roseann Peterson)	Stanford University	Stanford, California	Estados Unidos	cross-population and multi-ancestry analyses in psychiatric genetics; transferibilidad de PRS entre ancestrias	meta-analisis GWAS multi-ancestria, PRS cross-population, metodologia estadistica sobre datos del PGC	Desconocido.	Desconocido.	Dos vias: correo en frio a Laramie Duncan en Stanford, o -- mucho mas barata -- solicitar unirse al Cross-Population Working Group del PGC (mas de 100 miembros, llamadas mensuales por Zoom), que da acceso a la red sin plaza, sin visado y sin mudanza.	Working group formado en mayo de 2018, con mas de 100 miembros y reuniones mensuales.	3	Plausible pero hay que reencuadrarlo: el tema multi-ancestria no es ninguna de sus tres lineas declaradas y EE. UU. exige patrocinio de visado, asi que la via realista no es el postdoc sino apuntarse al working group para construir red y coautorias mientras termina la tesis.	HIGH	Stanford y el atractivo del tema multi-ancestria, hoy prioridad de financiacion en EE. UU.	XS	LIKELY	2026-09-14	2026-09-14	2026-09-14	NEW	Solicitar el alta en el Cross-Population Working Group del PGC: coste casi nulo y acceso a llamadas mensuales con el nucleo del campo.		https://pgc.unc.edu/for-researchers/working-groups/cross-population-analyses-working-group/	Pagina Tier 1 del PGC leida el 2026-09-14 (chairs e instituciones). No se abrio la pagina de Stanford de Duncan, de ahi LIKELY.
L-0026	Yao Lab / proyecto CANARY, Department of Medical Epidemiology and Biostatistics	Shuyang Yao	Karolinska Institutet (MEB)	Stockholm	Suecia	Genetica psiquiatrica de la esquizofrenia; riesgo asociado al consumo de cannabis en la adolescencia; integracion multi-omica de datos geneticos humanos con modelos animales; epidemiologia genetica sobre registros nacionales suecos.	GWAS y datos geneticos y moleculares humanos, multi-omica, epidemiologia de registros. El brazo animal (THC en cerebro en desarrollo) no seria suyo.	NEGATIVO VERIFICADO el 2026-09-28: abierto el portal real de vacantes de Karolinska (ki.varbi.com), con unas 70 plazas vivas y plazos entre el 28-sep y el 9-nov-2026, y NINGUNA en el Departamento de Medical Epidemiology and Biostatistics ni en genetica estadistica, genetica psiquiatrica, epidemiologia genetica, GWAS o puntuaciones poligenicas. Su ficha institucional tampoco anuncia contratacion. Conclusion: el ERC Starting Grant CANARY todavia no ha generado ofertas publicas, asi que la via es el correo en frio ahora, antes de que se publiquen.	ERC Starting Grant 2026, 1,5 millones de euros (~16,6 millones SEK) a 5 anos, proyecto CANARY. Fuente: nota oficial de Karolinska Institutet 'Five KI researchers receive ERC Starting Grants in 2026', abierta y leida el 2026-09-21.	EMAIL VERIFICADO EN TIER 1: shuyang.yao@ki.se (ficha institucional de KI abierta el 2026-09-28). Se mantiene la estrategia del correo, con un ajuste: ella es Assistant Professor DENTRO del grupo Precision Psychiatry de Yi Lu (L-0020), no una jefa de grupo con departamento propio, aunque el ERC StG es justo el instrumento con el que se independiza. El correo debe (a) felicitar por CANARY nombrandolo, (b) dos frases de presentacion como medica que termina tesis en genetica estadistica con dos primeros-autores en revision (Journal of Sleep Research y Nature Mental Health), (c) ofrecerse para el brazo de genetica estadistica HUMANA del proyecto (GWAS/PRS, PLINK/R), (d) dar fechas: libre mid-2027 sin doctorado terminado, feb-2028 con el, (e) CV de una pagina. Ciudadania UE: cero friccion en Suecia.	Lista revisada el 2026-09-28 en su ficha de KI y es de primer nivel: proteomica cerebral y metabolismo energetico comprometido en esquizofrenia (Nature Communications, 2026); GWAS trans-ancestral de depresion con 697 asociaciones e implicacion de tipos celulares (Cell, 2025); conexion de hallazgos genomicos de trastornos psiquiatricos con tipos celulares y regiones cerebrales (Nature Communications, 2025); firmas biologicas de la comorbilidad entre depresion mayor y enfermedad cardiovascular (Nature Cardiovascular Research, 2024). Mas el ERC Starting Grant 2026 (CANARY).	5	Genetica estadistica y psiquiatrica de alto nivel con financiacion recien concedida a 5 anos, en un grupo (Precision Psychiatry) cuyo nucleo es exactamente GWAS y arquitectura genetica de trastornos psiquiatricos: sus lineas 1 y 2 de lleno. Un proyecto mitad animal mitad humano necesita cubrir el brazo humano con alguien autonomo en PLINK/R, que es su perfil exacto. AVISO: es la misma unidad que L-0020, no dos oportunidades distintas.	MEDIUM	KI atrae mucha solicitud, pero un ERC StG recien concedido en un tema de nicho (cannabis-esquizofrenia multiomica) todavia no ha generado cola, y el brazo humano compite con menos gente que un puesto generico de genetica psiquiatrica.	S	VERIFIED	2026-09-28	2026-09-21	2026-09-28	UPDATED	Escribir a shuyang.yao@ki.se en octubre-noviembre de 2026. Ya no hay nada que buscar antes: email y ausencia de vacante publicada estan verificados. Considerar copiar o mencionar a Yi Lu (L-0020), que es la jefa del grupo donde ella trabaja.	NEW	https://news.ki.se/five-ki-researchers-receive-erc-starting-grants-in-2026	Nota de prensa oficial de Karolinska Institutet, abierta el 2026-09-21: confirma nombre, departamento, acronimo CANARY, titulo completo, importe (1,5 M EUR) y duracion (5 anos). Angulo de descubrimiento: premios de financiacion frescos.
L-0027	Huang Lab, Analytic and Translational Genetics Unit (ATGU)	Hailiang Huang	Massachusetts General Hospital / Stanley Center for Psychiatric Research, Broad Institute / Harvard Medical School	Boston (Cambridge, MA)	Estados Unidos	Genetica estadistica de trastornos complejos; arquitectura genetica de esquizofrenia y trastorno bipolar; genomica cross-ancestry; enfermedad inflamatoria intestinal.	Genetica estadistica y metodos computacionales, GWAS multi-ancestria, fine-mapping, recursos genomicos de poblaciones diversas.	No verificado del todo: la portada del laboratorio no publica ofertas y la seccion 'Opportunities' del menu no se abrio por techo de llamadas. Contacto general publicado: admin@atgu.mgh.harvard.edu.	Sin cifras verificadas: la web no lista grants. Si lista premios recientes, Theodore Reich Early Career Award de la ISPG (sep-2025) y Pamela Sklar Innovation Award (oct-2024). Este hueco de runway es la debilidad de la ficha.	Email a Hailiang Huang, via admin@atgu.mgh.harvard.edu o su direccion de HMS. El correo debe: (a) citar un paper concreto suyo de cross-ancestry en esquizofrenia, buscado antes y no improvisado, (b) presentarse como medica con residencia de Laboratorio y tesis en genetica estadistica, (c) decir que quiere trabajar en transferibilidad de PRS entre ancestrias y que ya maneja pipelines GWAS/PRS sin supervision, (d) preguntar explicitamente si habra plazas de postdoc en el ciclo 2027-2028, (e) mencionar en UNA linea al final que es ciudadana UE y necesitaria patrocinio de visado. Enviar en otono, no en verano.	Theodore Reich Early Career Award (ISPG, 2025); Pamela Sklar Innovation Award (2024); Tesorero de la junta de la ISPG en el mandato actual.	5	Es el laboratorio que describe LITERALMENTE su linea 1 (genetica estadistica de rasgos complejos) aplicada a su linea 2 (psiquiatria). LINEA: esquizofrenia y bipolar con enfoque metodologico, sin neuroimagen ni electrofisiologia de por medio. TECNICA: todo es PLINK/R/Python sobre sumstats y genotipos, exactamente su zona autonoma, y la transferibilidad de PRS entre ancestrias es una habilidad escasa y muy vendible. CULTURA: ATGU y el Stanley Center forman medicos-analistas y tienen tradicion de acoger perfiles MD reconvertidos a genetica estadistica, asi que su combinacion se lee como continuidad y no como rareza; el premio de carrera temprana de la ISPG en 2025 apunta a laboratorio en expansion. Los dos frenos, dichos sin adornos: runway sin verificar y necesidad de patrocinio de visado.	HIGH	Broad y ATGU son uno de los destinos mas solicitados del mundo en genetica psiquiatrica y reciben candidaturas espontaneas de forma continua.	M	VERIFIED	2026-09-21	2026-09-21	2026-09-21	NEW	Abrir la pagina 'Opportunities' de huanglab.ac y, si no hay convocatoria, enviar candidatura espontanea a admin@atgu.mgh.harvard.edu citando un paper cross-ancestry concreto.	NEW	https://huanglab.ac/home-page/	Web propia del laboratorio (huanglab.ac) abierta el 2026-09-21: lineas, premios 2024-2025 y email de contacto. Su papel como Treasurer confirmado en ispg.net/about-us/board-of-directors/, tambien abierta. Angulo de descubrimiento: juntas de sociedades.
L-0028	Psychiatric Genetics group / PGC Anxiety Disorders working group	Angelika Erhardt-Lehmann (co-liderazgo con Juergen Deckert, Heike Weber y Nora Strom)	Universitaetsklinikum Wuerzburg, Dept. of Psychiatry, Psychosomatics and Psychotherapy (con afiliacion al Max Planck Institute of Psychiatry, Munich)	Wuerzburg	Alemania	Genetica y epigenetica de los trastornos de ansiedad; GWAS de ansiedad mayor y de severidad de sintomas de ansiedad generalizada; fenotipos dimensionales de miedo.	GWAS y meta-analisis a gran escala en consorcio (PGC), epigenetica, fenotipado clinico profundo.	Intentado el 2026-09-28 y SIGUE SIN VERIFICAR, pero ahora se sabe por que y por donde ir: ukw.de/karriere/stellenangebote es solo una pagina de aterrizaje que no lista nada y remite al portal externo karriere.ukw.de, que no devuelve listados a lectura automatica; y la pagina de empleo del MPI of Psychiatry que se probo (psych.mpg.de/career) da 404. Conclusion honesta: ausencia de evidencia, no evidencia de ausencia. La comprobacion hay que hacerla a mano en karriere.ukw.de.	NO VERIFICADO para 2026-2028, y es un hueco real. La financiacion historica del eje de ansiedad de Wuerzburg fue el SFB/TRR 58 de la DFG ('Fear, Anxiety and Anxiety Disorders'), activo 2008-2020 y por tanto YA CERRADO. Hay que preguntar por el runway antes de invertir esfuerzo.	Email a Angelika Erhardt-Lehmann; localizar antes su direccion en ukw.de. El correo debe: (a) referirse al GWAS de Nature Genetics 2026 y al meta-analisis de sintomas cuantitativos de 2026 por su CONTENIDO, no por cortesia, (b) presentarse como medica que termina tesis en genetica estadistica y que ya ha trabajado en un proyecto de consorcio internacional (QIMR Berghofer, manuscrito en revision en Nature Mental Health), (c) proponerse para analisis de fenotipos dimensionales y PRS dentro del PGC Anxiety, (d) preguntar DIRECTAMENTE si hay financiacion proyectada para 2027-2028 y de que fuente, (e) ofrecer trabajar en ingles.	GWAS de trastornos de ansiedad mayores en 122.341 casos de ascendencia europea, 58 loci, senalando senalizacion GABAergica, Nature Genetics (feb-2026, colaboracion Texas A&M / Dalhousie / KCL / Wuerzburg); meta-analisis genome-wide de sintomas de ansiedad generalizada medidos cuantitativamente, Nature Human Behaviour (jun-2026).	4	LINEA: GWAS de trastornos de salud mental es su linea 2 declarada, y aqui esta dentro del grupo que acaba de publicar el GWAS de referencia del campo. TECNICA: trabajo de consorcio puro sobre sumstats y cohortes, 100% en su zona autonoma (PLINK/R), sin nada de neuroimagen obligatoria. CULTURA: entorno clinico-universitario aleman donde un perfil MD con tesis en genetica estadistica se lee como candidata natural a Wissenschaftliche Mitarbeiterin; la doble sede (Wuerzburg y MPI Munich) duplica las puertas. MOVILIDAD: ciudadania UE, cero visado. El punto debil, y por eso 4 y no 5, es que el runway de financiacion esta sin verificar y el consorcio que sostenia esta linea cerro en 2020: eso se pregunta en el primer correo, no se asume.	MEDIUM	Grupo clinico aleman de tamano medio, menos expuesto a candidaturas internacionales masivas que Broad o KI, pero con visibilidad alta tras dos papers de primer nivel en 2026.	S	LIKELY	2026-09-28	2026-09-21	2026-09-28	UPDATED	No gastar mas llamadas automaticas en las vacantes de Wuerzburg: abrir karriere.ukw.de a mano en un navegador. En paralelo, la pregunta que de verdad decide esta fila no es si hay plaza publicada sino el runway de financiacion 2027-2028 tras el cierre del SFB/TRR 58, y eso solo se resuelve escribiendole a ella.	NEW	https://www.ukw.de/aktuelle-meldungen/detail/news/angst-im-genom-neue-genetische-zusammenhaenge-mit-angstsymptomen/	Confirmado el 2026-09-21 por concordancia de varias fuentes Tier 2 (PMC del GWAS de ansiedad con 58 loci, PMC del meta-analisis de sintomas de ansiedad generalizada, notas de prensa del Universitaetsklinikum Wuerzburg). NO se abrio ninguna pagina institucional directamente: de ahi LIKELY y no VERIFIED.
L-0029	Robinson Lab, Center for Genomic Medicine and Dept. of Psychiatry	Elise B. Robinson	Massachusetts General Hospital / Broad Institute of MIT and Harvard (afiliada al Dept. of Epidemiology de la Harvard T.H. Chan School of Public Health y a ATGU)	Boston (Cambridge, MA)	Estados Unidos	Genetica estadistica de factores de riesgo comunes y raros en trastornos neuropsiquiatricos graves; variabilidad del neurodesarrollo; diferencias dentro y entre trastornos psiquiatricos; proyecto NeuroDev en poblaciones africanas.	Genetica estadistica, epidemiologia psiquiatrica, metodos cuantitativos para asociaciones conductuales y celulares.	No verificado: no se abrio robinsonlab.org ni ninguna pagina de vacantes.	No verificado. Es faculty del Broad y afiliada de SFARI y de la Simons Foundation segun resultados de busqueda, lo que sugiere financiacion estable, pero no se ha abierto ninguna fuente que lo confirme con cifras.	Email a Elise Robinson, via el CGM del MassGeneral o robinsonlab.org. El correo debe: (a) abrir con la conexion entre variabilidad del neurodesarrollo y fenotipos de sueno en los primeros 3 anos, citando su propia revision en revision en el Journal of Sleep Research, (b) presentarse como MD con pipeline GWAS/PRS autonoma, (c) proponer un tema CONCRETO, por ejemplo PRS psiquiatricos y sueno infantil como fenotipo dimensional temprano, (d) preguntar por plazas de postdoc en el ciclo 2027-2028, (e) senalar la necesidad de visado, al final y en una linea.	Co-chair del PGC Autism Working Group; lidera la NeuroDevelopmental Variability Initiative del Broad y el proyecto NeuroDev. Publicaciones concretas de 2025-2026 sin verificar.	4	LINEA: su combinacion de genetica estadistica y epidemiologia psiquiatrica es casi literalmente el perfil que Ana esta construyendo, y Robinson hizo ese mismo camino (ScD en epidemiologia psiquiatrica y luego postdoc en genetica estadistica en MGH/Broad): es un modelo de carrera, no solo un laboratorio. ANGULO PROPIO, y es el argumento fuerte: su linea 3 (genetica del sueno en lactantes y ninos pequenos) se vende muy bien como fenotipo de variabilidad del neurodesarrollo temprano, que es exactamente la NDV Initiative; ningun otro grupo de la tabla ofrece ese encaje. TECNICA: comun y raro sobre datos humanos con metodos cuantitativos, nada que exija neuroimagen o electrofisiologia autonoma. Frenos: visado y una competencia altisima.	HIGH	Broad, Harvard Chan y Simons/SFARI: uno de los ecosistemas con mas demanda de postdocs del mundo.	M	LIKELY	2026-09-21	2026-09-21	2026-09-21	NEW	Abrir robinsonlab.org, localizar la seccion de contacto o 'join', y buscar una publicacion de 2025-2026 concreta que citar antes de escribir.	NEW	https://www.robinsonlab.org/	Perfiles concordantes de Broad Institute, MGH Center for Genomic Medicine y Harvard Chan recogidos en busqueda el 2026-09-21; ninguna pagina abierta directamente, por eso LIKELY. Angulo de descubrimiento: co-presidencias de working groups del PGC.
L-0030	Mattheisen group, Dept. of Community Health and Epidemiology (y Faculty of Computer Science)	Manuel Mattheisen	Dalhousie University	Halifax, Nueva Escocia	Canada	Factores de riesgo geneticos de rasgos complejos en estudios a gran escala; predictores geneticos de inicio, curso y respuesta al tratamiento; implementacion clinica de hallazgos geneticos; desarrollo de metodos bioestadisticos y bioinformaticos.	Epidemiologia genetica, bioestadistica, GWAS de consorcio (analista principal de los GWAS de TOC y de trastornos de ansiedad del PGC), desarrollo de herramientas.	No verificado: no se abrieron paginas de vacantes de Dalhousie.	No verificado: no se encontro anuncio de financiacion 2026 concreto.	Email a Manuel Mattheisen (Dept. of Community Health and Epidemiology, Dalhousie). El correo debe: (a) decir en la PRIMERA linea que es medica que termina tesis en genetica estadistica y que su residencia es de Medicina de Laboratorio, o sea implementacion clinica, que es su lenguaje, (b) citar su papel como lead analyst del GWAS de ansiedad del PGC, (c) proponer un rol de analista en los GWAS de TOC y ansiedad diciendo que ya ha analizado dentro de un proyecto de consorcio (QIMR Berghofer), (d) preguntar por financiacion disponible y por la via administrativa (postdoc frente a research associate) para 2027-2028.	Coautor del GWAS de trastornos de ansiedad mayores (Nature Genetics, feb-2026); co-chair del PGC TS/OCD working group; analista principal de los GWAS de TOC y ansiedad del PGC.	4	LINEA: genetica estadistica de rasgos complejos mas GWAS psiquiatricos, sus lineas 1 y 2 sin desvio. TECNICA: grupo de metodos y analisis de consorcio, trabajo enteramente PLINK/R/Python sobre datos humanos, su zona autonoma; y como ademas desarrollan herramientas, hay margen para pasar de usuaria de pipelines a desarrolladora de metodos, que es justo lo que le falta para tener un perfil diferenciado. CULTURA, y es el argumento decisivo: el PI comparte su trayectoria exacta, medico reconvertido a bioestadistica genetica, asi que su MD mas tesis en genetica estadistica se lee como continuidad; y el enfoque explicito en implementacion clinica encaja con su residencia de Medicina de Laboratorio. MOVILIDAD: Canada exige permiso de trabajo pero es sensiblemente menos hostil que EE.UU.	UNKNOWN	No se hallaron convocatorias abiertas ni indicios de volumen de candidaturas. Dalhousie esta fuera de los circuitos de maxima demanda, lo que sugiere competencia mas baja que Boston o Estocolmo, pero no esta verificado.	S	LIKELY	2026-09-21	2026-09-21	2026-09-21	NEW	Abrir el perfil de Mattheisen en medicine.dal.ca (Community Health and Epidemiology), sacar su email y escribirle proponiendose como analista del PGC con enfoque de implementacion clinica.	NEW	https://medicine.dal.ca/departments/department-sites/community-health/our-people/our-faculty/ManuelMattheisen.html	Perfiles concordantes de Dalhousie (Community Health and Epidemiology, Psychiatry, Computer Science) y ResearchGate recogidos en busqueda el 2026-09-21; ninguna pagina abierta directamente. Angulo de descubrimiento: co-presidencias de working groups del PGC.
L-0031	Laboratory of Neurogenomic Biomarkers, Institute of Behavioral Science	Todd Lencz	The Feinstein Institutes for Medical Research, Northwell Health (Zucker School of Medicine at Hofstra/Northwell)	Manhasset, Nueva York	Estados Unidos	Genetica a gran escala de esquizofrenia y enfermedad mental grave; genomica cognitiva y neurodesarrollo; scores de riesgo poligenico biologicamente informados; propiedades estadisticas y aspectos eticos del cribado poligenico de embriones.	GWAS, PRS incluidos los biologicamente informados, integracion con datos de neuroimagen, modelizacion estadistica de prediccion poligenica.	No verificado: no se abrio la pagina de vacantes del Feinstein.	Subvencion del NIH de 3,1 millones de dolares a 5 anos para el eje de genomica cognitiva y PRS biologicamente informados, continuacion del proyecto 'Cognitive Genomics as a Window on Neurodevelopment and Psychopathology'; ademas un proyecto financiado por el NIH sobre cribado poligenico de embriones con el Harvard Center for Bioethics y la Universidad Hebrea de Jerusalen. Fuente: sala de prensa del Feinstein y BioSpace, coincidentes, no abiertas directamente.	Email a Todd Lencz. El correo debe: (a) mencionar el proyecto de PRS biologicamente informados y preguntar si el equipo analitico va a crecer, (b) decir que es medica con residencia de Laboratorio y tesis en genetica estadistica, y que le interesan tanto la construccion de PRS como sus propiedades estadisticas de cara al uso clinico, (c) ser explicita y honesta: autonoma en PLINK/R y pipelines GWAS/PRS, con experiencia SUPERVISADA en neuroimagen, sin fingir, (d) dar fechas 2027-2028 y mencionar el visado en una sola linea al final.	Subvencion NIH de 3,1 M USD a 5 anos (genomica cognitiva y PRS); miembro de la junta de la ISPG como Chair of Ethics, Position, and Public Policy en el mandato actual, verificado en ispg.net.	4	LINEA: PRS de trastornos psiquiatricos, su linea 2 exacta, con un componente metodologico (PRS biologicamente informados) que le daria una habilidad transferible y escasa. TECNICA: el nucleo es PRS y GWAS, que hace sola; el proyecto integra neuroimagen, tecnica solo-supervisada para ella, pero aqui entraria como CONSUMIDORA de fenotipos de imagen y no como quien los adquiere, asi que no es bloqueante, y conviene decirlo asi en el correo. RUNWAY: es la ficha con financiacion mejor documentada despues de Yao, 3,1 M USD a 5 anos mas un segundo proyecto NIH activo. Y hay un argumento que no se repite en ninguna otra ficha de la tabla: es el unico grupo donde su formacion MEDICA es por si sola un argumento de peso, porque las implicaciones clinicas y eticas del PRS son parte del objeto de estudio. Freno: visado estadounidense.	MEDIUM	Grupo fuerte pero fuera del triangulo Broad-KCL-KI; en EE.UU. la competencia por postdoc en genetica psiquiatrica es alta en general, pero el Feinstein recibe menos candidaturas espontaneas internacionales que Boston.	M	LIKELY	2026-09-21	2026-09-21	2026-09-21	NEW	Abrir el perfil de Todd Lencz en feinstein.northwell.edu, confirmar la subvencion del NIH en la nota de prensa oficial y escribirle preguntando por el crecimiento del equipo analitico para 2027-2028.	NEW	https://feinstein.northwell.edu/institutes-researchers/our-researchers/todd-lencz-phd	Dos fuentes Tier 2 coincidentes (sala de prensa de los Feinstein Institutes y BioSpace) sobre la subvencion de 3,1 M USD, el 2026-09-21; su papel en la junta de la ISPG SI esta verificado en ispg.net/about-us/board-of-directors/, abierta directamente. Angulo de descubrimiento: juntas de sociedades mas premios de financiacion.
L-0032	Institute of Medical Biometry and Statistics, grupo de genetica estadistica	Silke Szymczak	University of Luebeck	Luebeck	Alemania	Genetica estadistica y bioinformatica; metodos de analisis de datos geneticos de alta dimension. NO verificadas sus lineas concretas en la web del instituto.	No verificadas.	No verificado: no se buscaron vacantes.	No verificado.	Email a Silke Szymczak. Doble uso: como grupo europeo de metodos donde reforzar el lado estadistico de su perfil sin salir de la UE, o mas realista de momento, como PUERTA DE ENTRADA a la red de la IGES (recomendacion, contactos, visibilidad en el congreso anual).	Miembro de la junta de la IGES, mandato 2025-2027 (verificado en la pagina oficial de la sociedad).	3	Encaje parcial: es genetica estadistica (linea 1) pero no consta trabajo en psiquiatria ni en sueno (lineas 2 y 3), y sus temas concretos no estan verificados. Vale como opcion UE sin visado y como puerta a la red IGES, no como destino prioritario.	UNKNOWN	Sin datos.	S	UNVERIFIED	2026-09-21	2026-09-21	2026-09-21	NEW	Abrir la web del Institut fuer Medizinische Biometrie und Statistik de la Universitaet zu Luebeck y verificar si su linea toca rasgos complejos psiquiatricos. Si no, archivar como contacto de red de la IGES y no como grupo objetivo.	NEW	https://www.geneticepi.org/board-of-directors	Lo UNICO verificado el 2026-09-21 es su pertenencia a la junta de la IGES (pagina oficial abierta). Todo lo demas es inferencia sin verificar y queda marcado como tal; la URL es la de la junta porque no se ha abierto ninguna pagina institucional suya.
L-0033	Mullins Lab (Genomica psiquiatrica a gran escala)	Niamh Mullins	Icahn School of Medicine at Mount Sinai	Nueva York	Estados Unidos	GWAS de trastorno bipolar y de suicidalidad; fine-mapping estadistico y funcional; predictores de riesgo genetico (PRS) combinados con datos clinicos mediante aprendizaje automatico; analisis de redes entre trastornos neuropsiquiatricos; estudios en ancestria latina.	Estadistica genetica y bioinformatica pura: GWAS, fine-mapping, PRS, machine learning sobre historia clinica electronica. Nada de neuroimagen ni electrofisiologia.	SI: la pagina del laboratorio declara 'open positions for Postdoctoral Fellows or staff scientists' e invita a escribir; menciona explicitamente patrocinio de visado y ayuda a la reubicacion.	Cinco R01 del NIH activos (consorcio, genetica del suicidio, analisis de redes, ancestria latina). Runway amplio y diversificado.	Correo directo a la PI: niamh.mullins@mssm.edu (publicado en la pagina del laboratorio y en la pagina del Suicide Working Group del PGC).	GWAS de trastorno bipolar del PGC con 64 loci de riesgo; GWAS de intento y muerte por suicidio como co-chair del Suicide Working Group del PGC.	5	Es el encaje mas limpio de la semana. Linea 1 y 2 de Ana (genetica estadistica de rasgos complejos + GWAS/PRS psiquiatricos) son literalmente el objeto del laboratorio, y el stack tecnico es exactamente el que ella maneja de forma INDEPENDIENTE (PLINK, R, algo de Python): no se le pide en ningun punto neuroimagen ni electrofisiologia autonomas, que es donde su perfil se cae. La combinacion MD+PhD es aqui un activo concreto y no decorativo, porque una de las lineas es prediccion de riesgo de suicidio sobre historia clinica electronica, donde alguien que ha ejercido y que ademas es residente de Medicina de Laboratorio entiende la procedencia y los limites de esos datos clinicos mejor que un bioinformatico puro. Cultura: equipo pequeno y mixto (instructor, doctorandos, bioinformatico, postdoc), no una fabrica anonima. Runway: cinco R01 simultaneos, asi que el riesgo de que la plaza se evapore es bajo. Bandera: EEUU exige patrocinio de visado, pero el propio laboratorio lo ofrece por escrito, lo que elimina la friccion habitual. Disponibilidad a comunicar: puesto de postdoc que exige doctorado terminado, por tanto desde febrero de 2028 (ETA); conviene decirlo sin rodeos y ofrecer mientras tanto colaboracion a distancia. El primer correo debe: (1) abrir con MD por la Complutense + residencia en Medicina de Laboratorio + PhD en curso, encuadrandolo como perfil clinico-genomico poco frecuente; (2) decir en una linea que trabaja de forma autonoma con PLINK y R en pipelines GWAS/PRS; (3) citar el manuscrito en revision en Nature Mental Health salido del proyecto en QIMR Berghofer como prueba de que ya ha entregado analisis en un consorcio internacional; (4) proponer explicitamente el puente clinico: PRS + datos de laboratorio clinico como fenotipo intermedio, que es un angulo que su laboratorio no esta cubriendo; (5) cerrar con la fecha real de disponibilidad (febrero 2028) y preguntar si cabe una colaboracion previa dentro del Suicide Working Group del PGC.	HIGH	Laboratorio con cinco R01 en una institucion de primera linea de Nueva York y con la convocatoria abierta publicada en su web, lo que garantiza flujo alto de candidaturas espontaneas internacionales.	M	VERIFIED	2026-09-28	2026-09-28	2026-09-28	NEW	Escribir a niamh.mullins@mssm.edu con el correo de aproximacion descrito, adjuntando CV de dos paginas y el preprint o manuscrito de QIMR si el estado de revision lo permite. Antes, revisar la pagina del Suicide Working Group del PGC por si cabe entrar como analista colaboradora ya en 2027.		https://labs.icahn.mssm.edu/mullinslab/	Tier 1: pagina propia del laboratorio abierta y leida. Corroborado por la pagina del Suicide Working Group del PGC (Tier 1), que la lista como co-chair con el mismo correo.
L-0034	Genes Environment Lifespan (GEL) Lab	Angelica Ronald	University of Surrey, Faculty of Health and Medical Sciences	Guildford	Reino Unido	Neurodesarrollo y salud mental desde la infancia a la adolescencia; genetica cuantitativa; autismo y TDAH; desarrollo infantil temprano (temperamento, hito de la marcha, nivel de actividad en el nino pequeno); genetica del comportamiento.	Genetica cuantitativa, estudios de gemelos, GWAS y analisis de polygenic scores sobre cohortes de desarrollo. Metodologia estadistica, sin requisito de neuroimagen ni electrofisiologia independientes.	No hay plaza de postdoc anunciada. La PI declara en su perfil institucional que busca siempre buenos doctorandos ('I am always looking for excellent PhD students to join my lab') y supervisa actualmente a cuatro con financiacion.	No verificado el detalle de las subvenciones activas. Grupo consolidado, catedratica con mas de 25 anos en estudios de desarrollo a gran escala; cofundadora de la London Genetics Network (2020).	Correo directo a la PI: a.ronald@surrey.ac.uk (publicado en su perfil de la Universidad de Surrey). El perfil indica horario de atencion los martes de 13:00 a 15:00.	Coautora del estudio longitudinal de gemelos de 2026 sobre calidad del sueno, capacidad de calmarse y duracion del llanto a los 2 y 5 meses (JCPP Advances), que deriva ocho polygenic scores: ritmo circadiano, insomnio, sueno corto, sueno largo, TDAH, autismo, ansiedad y depresion. Publicaciones 2025-2026 sobre temperamento infantil y variacion genetica, momento de la marcha, actividad en el nino pequeno y edad al diagnostico de autismo.	5	Es el unico grupo de esta tanda que cubre a la vez las tres lineas de Ana en un solo sitio: genetica cuantitativa de rasgos complejos, PRS psiquiatricos (TDAH, autismo, ansiedad, depresion) y sueno en la primera infancia. El paper de gemelos de 2026 es practicamente el diseno que Ana quiere hacer: PRS de sueno e psiquiatricos aplicados a fenotipos de sueno a los 2 y 5 meses. Tecnicamente el grupo es de genetica estadistica y gemelos, es decir su nivel INDEPENDIENTE, y no exige neuroimagen ni ephys autonomas. Ventaja de movilidad: Reino Unido esta en su lista geografica de si, y aunque post-Brexit necesita visado, no es el salto administrativo de EEUU o Australia. Ventaja de red: Ronald coautora con Terje Falck-Ytter, que ya esta en la tabla (L-0018), asi que una aproximacion a Ronald y otra a ese entorno se refuerzan en vez de solaparse. Riesgo honesto: no hay plaza de postdoc abierta y la unica captacion declarada es de doctorandos, que Ana no necesita; por tanto esto es una aproximacion en frio a puerta fria, no una candidatura. El primer correo debe: (1) presentarse como MD (Complutense) y residente de Medicina de Laboratorio que termina doctorado, evitando por completo el historial de publicaciones; (2) citar el paper de JCPP Advances de 2026 por su nombre y decir que la revision propia en Journal of Sleep Research (primera autora, en revision) cubre exactamente ese hueco de literatura de sueno infantil; (3) ofrecer lo que ella aporta y el grupo no tiene: un perfil medico que puede fenotipar sueno infantil con criterio clinico y manejar PLINK y R de forma autonoma; (4) preguntar, en concreto y sin pedir empleo, si hay via de fellowship postdoctoral (Marie Sklodowska-Curie o equivalente britanico) que pudieran co-escribir para 2028, que es la unica ruta realista sin plaza abierta; (5) cerrar con disponibilidad: mediados de 2027 si el rol no exige doctorado, febrero de 2028 si lo exige.	MEDIUM	Grupo prestigioso pero sin convocatoria abierta, de modo que no hay pila de candidaturas compitiendo; la dificultad no es ganar a otros sino que exista financiacion, lo que desplaza el esfuerzo hacia co-escribir una beca.	L	VERIFIED	2026-09-28	2026-09-28	2026-09-28	NEW	Escribir a a.ronald@surrey.ac.uk planteando explicitamente la co-solicitud de un fellowship postdoctoral con inicio en 2028, no un puesto. En paralelo, leer el paper de JCPP Advances completo antes de escribir para poder citar un resultado concreto y no el titulo.		https://www.surrey.ac.uk/people/angelica-ronald	Tier 1: perfil institucional de la Universidad de Surrey abierto y leido (lab, metodos, correo, captacion). Produccion reciente verificada en Tier 1 aparte: el articulo en PMC del estudio de gemelos de 2026, donde figura como coautora con afiliacion de Surrey.
L-0035	Psychiatric Genomics Lab	Anna R. Docherty	University of Utah, Department of Psychiatry	Salt Lake City	Estados Unidos	Riesgo y resiliencia genetica en trastornos psiquiatricos y medicos; GWAS de intento de suicidio, muerte por suicidio e ideacion suicida; analisis entre trastornos dentro del PGC; factores de riesgo ambientales (trauma, consumo de sustancias, nicotina); modelos de prediccion sobre historia clinica electronica; diversificacion de ancestrias (cohorte en India).	GWAS multiancestria, modelado de riesgo poligenico, pipeline computacional de scoring genomico sobre cientos de fenotipos (phenome-wide), prediccion con registros clinicos. Perfil computacional, sin exigencia de neuroimagen ni ephys.	No se anuncia plaza abierta en la pagina del laboratorio. Captacion desconocida.	Muy solido y con runway largo: cinco R01 activos identificados por numero de proyecto (NIMH R01 MH123619, GWAS de muerte por suicidio con 10.400 casos; NIMH/Fogarty R01 MH134284, diversificacion genetica en India con 4.000 casos; NIMH R01 MH132733, constitucion del Suicide Working Group; NIEHS R01 ES032028, exposiciones ambientales; NIMH R01 MH123489, prediccion sobre historia clinica electronica).	Correo directo a la PI: Anna.docherty@utah.edu (publicado tanto en la pagina del laboratorio como en la del Suicide Working Group del PGC).	El laboratorio declara liderar los mayores estudios geneticos de suicidio del mundo (mas de 1 millon). Co-chair del Suicide Working Group del PGC junto a Niamh Mullins y Douglas Ruderfer.	4	Linea 1 y 2 de Ana en estado puro, con un componente multiancestria que es donde la genetica estadistica esta creciendo y donde su perfil europeo no la penaliza. El atractivo especifico para ella es el R01 de prediccion sobre historia clinica electronica: es el punto exacto donde una residente de Medicina de Laboratorio aporta algo que el equipo no tiene, porque sabe como se generan, se codifican y fallan los datos analiticos que alimentan esos modelos. Culturalmente es un laboratorio computacional que colabora con Informatica Biomedica, Genetica Humana y Salud Poblacional, asi que hay estructura para alguien que entra desde la clinica. Runway excelente: cinco R01 concurrentes. Contras que bajan la nota de 5 a 4: no hay plaza anunciada ni declaracion de patrocinio de visado (a diferencia del laboratorio de Mullins), y Salt Lake City es un destino menos evidente. Bandera: EEUU requiere patrocinio de visado, a confirmar. Primer correo: abrir con MD+residencia en Medicina de Laboratorio y proponer de forma concreta el angulo de fenotipos de laboratorio clinico como variable en los modelos de prediccion de riesgo; mencionar PLINK y R como herramientas de uso autonomo; indicar disponibilidad en febrero de 2028 para un rol que exija doctorado; preguntar si preve abrir postdoc en el ciclo 2027-2028 y si aceptaria colaboracion previa via PGC.	MEDIUM	Sin convocatoria publicada, por lo que no compite contra una pila abierta de solicitudes; pero es un laboratorio visible en la genetica del suicidio y recibira aproximaciones espontaneas.	M	VERIFIED	2026-09-28	2026-09-28	2026-09-28	NEW	Escribir a Anna.docherty@utah.edu preguntando por apertura de postdoc en el ciclo 2027-2028 y ofreciendo el angulo de datos de laboratorio clinico. Verificar antes si Utah patrocina visados J-1 o H-1B para postdocs.		https://medicine.utah.edu/psychiatry/research/labs/psychiatric-genomics	Tier 1: pagina del laboratorio en medicine.utah.edu abierta y leida, con numeros de R01 y correo. Corroborado por la pagina del Suicide Working Group del PGC (Tier 1).
L-0036	Grupo de genetica del TDAH, MRC Centre for Neuropsychiatric Genetics and Genomics	Joanna Martin	Cardiff University (MRC Centre for Neuropsychiatric Genetics and Genomics y Wolfson Centre for Young People's Mental Health)	Cardiff	Reino Unido	Impacto de factores de riesgo geneticos sobre fenotipos psiquiatricos y del neurodesarrollo infantil; diferencias de sexo y genero en el TDAH y por que las ninas se diagnostican menos; solapamiento clinico y genetico entre TDAH y rasgos del espectro autista.	GWAS y analisis de riesgo poligenico sobre cohortes infantiles y registros. Genetica estadistica, sin requisito de neuroimagen ni ephys independientes.	Desconocido. No se pudo abrir el perfil institucional (403). El MRC Centre publica convocatorias de doctorado, no verificadas plazas de postdoc.	No verificado. Es Senior Research Fellow, lo que sugiere financiacion personal de fellowship en curso, pero no se confirmo la fuente ni la fecha de fin.	La pagina del ADHD Working Group del PGC la lista como co-chair con el correo jmartin@broadinstitute.org. ATENCION: es la direccion que publica el PGC, no una direccion de Cardiff; no se ha podido confirmar su correo institucional de Cardiff porque el perfil devuelve 403. NO inventar una direccion @cardiff.ac.uk.	Co-chair del ADHD Working Group del PGC junto a Barbara Franke (L-0022). Trayectoria en los estudios que identificaron los primeros factores geneticos comunes de riesgo de TDAH. Editora en JCPP Advances.	4	Encaje directo con la linea 2 de Ana (GWAS/PRS de trastornos psiquiatricos) y con el eje del neurodesarrollo infantil que conecta con su linea 3 de sueno en la primera infancia: el TDAH y el sueno infantil comparten arquitectura genetica y cohortes, asi que la reconversion es minima. El angulo de diferencias de sexo y genero en el diagnostico es ademas un tema donde su formacion medica pesa, porque la cuestion de fondo es de sesgo diagnostico clinico y no solo de estadistica. Cardiff es uno de los centros de genetica neuropsiquiatrica mas fuertes de Europa y el Reino Unido esta en su lista geografica. Bajo la nota a 4 y no 5 porque no pude verificar ni financiacion ni plazas ni su correo institucional: tres huecos que hay que cerrar antes de escribir. Primer correo: presentar la combinacion MD+PhD y el manejo autonomo de PLINK y R; proponer concretamente el cruce PRS de TDAH y fenotipos de sueno infantil, que es terreno de ambas; citar el manuscrito en revision en Journal of Sleep Research como senal de dominio de la literatura de sueno temprano; indicar disponibilidad (mediados de 2027 sin doctorado exigido, febrero 2028 con el); y preguntar por vias de fellowship, no por empleo.	UNKNOWN	No se pudo abrir ninguna pagina de vacantes ni del grupo ni del centro; cardiff.ac.uk bloquea tanto /people/view como profiles.cardiff.ac.uk con 403.	M	LIKELY	2026-09-28	2026-09-28	2026-09-28	NEW	Cerrar los tres huecos antes de escribir: correo institucional real en Cardiff, financiacion vigente y si hay postdoc previsto. Via alternativa al 403: buscarla como autora de correspondencia en un paper reciente suyo en PubMed Central, que publica el correo institucional. Solo despues, escribir.		https://pgc.unc.edu/for-researchers/working-groups/adhd-working-group/	Rol de co-chair y correo verificados en Tier 1 (pagina del ADHD Working Group del PGC). Lineas de investigacion, cargo y adscripcion: Tier 2 (resultados de busqueda coincidentes de profiles.cardiff.ac.uk, Institute of Mental Health y Health and Care Research Wales); el perfil institucional propio dio 403 y no se pudo leer.
L-0037	Nucleo de genetica de la ansiedad del PGC en Texas A&M (Hettema y Verhulst)	John (Jack) Hettema, con Brad Verhulst como co-director del grupo analitico	Texas A&M University	College Station / Bryan, Texas	Estados Unidos	Genetica de los trastornos de ansiedad: GWAS y meta-analisis dentro del Anxiety Disorders Working Group del PGC; metodologia de genetica del comportamiento y modelado biometrico (Verhulst).	GWAS, meta-analisis de consorcio, metodos de genetica cuantitativa y modelado biometrico. Perfil estadistico, sin exigencia de neuroimagen ni electrofisiologia.	Desconocido. No se abrio ninguna pagina de vacantes de Texas A&M en esta pasada.	No verificado.	Correos publicados verbatim en la pagina del Anxiety Disorders Working Group del PGC: hettema@tamu.edu (co-chair) y verhulst@tamu.edu (co-director del Core Analytical Group).	Co-presidencia del Anxiety Disorders Working Group del PGC, con un Core Analytical Group propio, lo que implica liderar los analisis del consorcio y no solo aportar muestras.	4	Encaje de linea 1 y 2 con una particularidad valiosa: es un grupo que hace el analisis del consorcio, no que solo cede cohortes, asi que quien entra ahi toca el pipeline estadistico de verdad, que es exactamente lo que Ana sabe hacer sola. Hettema es MD PhD y psiquiatra, de modo que la combinacion clinica y genetica de Ana no le resulta extrana ni hay que justificarla. Verhulst aporta el lado metodologico de genetica del comportamiento, util si ella quiere reforzar modelado frente a solo ejecutar PLINK. La ansiedad conecta ademas con su linea de sueno infantil por via de comorbilidad. Contras: no hay plaza conocida, no se verifico financiacion, Texas A&M no es un polo evidente de genetica estadistica psiquiatrica y EEUU exige visado. Primer correo, a Hettema y con copia a Verhulst: abrir con MD por la Complutense y residencia en Medicina de Laboratorio, senalar el paralelo MD-genetista; declarar uso autonomo de PLINK y R; proponer sumarse al Core Analytical Group del working group de ansiedad como analista colaboradora ya desde 2027, que es la puerta barata y realista, y dejar la conversacion de postdoc (febrero 2028) para despues.	UNKNOWN	Sin datos de vacantes ni de financiacion del grupo en esta pasada.	S	LIKELY	2026-09-28	2026-09-28	2026-09-28	NEW	Escribir a hettema@tamu.edu con copia a verhulst@tamu.edu ofreciendose como analista colaboradora del Core Analytical Group de ansiedad del PGC. Es la accion de menor coste y mayor informacion de esta lista: abre puerta sin depender de que exista plaza.		https://pgc.unc.edu/for-researchers/working-groups/anxiety-working-group/	Tier 1: pagina del Anxiety Disorders Working Group del PGC abierta y leida; nombres, cargos y correos transcritos de ahi. Las paginas propias de laboratorio en Texas A&M no se abrieron por limite de presupuesto, de ahi LIKELY y no VERIFIED.
L-0038	Grupo de genomica psiquiatrica de Daniel Levey (Yale)	Daniel Levey	Yale University School of Medicine	New Haven, Connecticut	Estados Unidos	Genomica psiquiatrica, con trabajo dentro del Anxiety Disorders Working Group del PGC como junior co-chair.	GWAS y analisis poligenicos sobre grandes biobancos. Perfil estadistico.	Desconocido.	No verificado.	daniel.levey@yale.edu, publicado en la pagina del Anxiety Disorders Working Group del PGC.	Junior co-chair del Anxiety Disorders Working Group del PGC.	3	Linea correcta (GWAS psiquiatricos, ansiedad) y correo verificado, pero se queda en 3 porque no pude confirmar que dirija grupo propio con capacidad de contratar ni su financiacion, y su rol listado es de co-chair junior. Es un contacto util mas que un destino: alguien en fase de consolidacion suele responder a correos en frio y puede abrir puerta al resto del working group. Si se escribe, que sea como via de entrada a analisis del consorcio, no como candidatura a postdoc.	UNKNOWN	Sin datos verificados de vacantes ni de tamano del grupo.	XS	LIKELY	2026-09-28	2026-09-28	2026-09-28	NEW	Verificar la semana que viene si tiene laboratorio propio y financiacion en la web de Yale Psychiatry antes de invertir un correo. Si lo tiene, reevaluar a Fit 4.		https://pgc.unc.edu/for-researchers/working-groups/anxiety-working-group/	Tier 1 solo para el rol y el correo (pagina del Anxiety Working Group del PGC). Nada mas verificado.
L-0039	Doherty Group, Big Data Institute	Aiden Doherty	University of Oxford, Big Data Institute y Nuffield Department of Population Health	Oxford	Reino Unido	Genetica del sueno medido por dispositivo: GWAS de duracion, eficiencia y arquitectura del sueno (fases REM y NREM) a partir de acelerometria en UK Biobank; reguladores especificos por sexo y por fase; implicaciones cardiometabolicas.	GWAS a gran escala, fenotipado por acelerometria y aprendizaje automatico sobre datos de biobanco. Perfil estadistico y epidemiologico.	Desconocido. Las paginas de Oxford (ndph.ox.ac.uk y bdi.ox.ac.uk) devolvieron 403 y no se pudieron leer.	No verificado.	NO se encontro correo. No inventar ninguno. La via realista es escribir a la autora de correspondencia del paper, Laura Portas (Big Data Institute, Oxford), cuyo correo tampoco aparecia en el fragmento leido, o localizar el correo de correspondencia en la version completa del articulo en Nature Communications.	GWAS de rasgos de sueno medidos por dispositivo en 80.013 participantes de UK Biobank, 20 loci identificados, publicado en Nature Communications el 1 de abril de 2026.	3	Toca la linea 3 de Ana (genetica del sueno) con metodologia que ella domina, y Oxford es un destino fuerte dentro de su geografia. Se queda en 3 y no mas porque el fenotipo es sueno del adulto medido por acelerometro, no sueno de lactantes y ninos pequenos, que es su interes concreto, y porque el grupo es de epidemiologia de datos masivos y aprendizaje automatico mas que de genetica psiquiatrica: le exigiria reencuadrar bastante. Ademas no hay correo verificado ni informacion de plazas o financiacion, al estar Oxford bloqueado. Util como puente si quiere consolidar el lado de sueno con musculo metodologico, no como destino de primera eleccion.	UNKNOWN	Ninguna pagina institucional accesible en esta pasada (403 en ndph.ox.ac.uk y bdi.ox.ac.uk).	M	LIKELY	2026-09-28	2026-09-28	2026-09-28	NEW	Obtener el correo de correspondencia real desde la version completa del articulo en Nature Communications (PMC13212655) o desde Google Scholar, ya que las paginas de Oxford estan bloqueadas. Sin correo verificado no escribir.		https://pmc.ncbi.nlm.nih.gov/articles/PMC13212655/	Tier 1 para la produccion y la afiliacion (articulo en PMC abierto y leido). Las paginas del grupo en Oxford dieron 403, de ahi que falten contacto, financiacion y vacantes.
