ID	Name	Institution	Group_or_Lab	PI	City	Country	Contract_Type	Duration	Salary_EUR_Year	Start_Date	Status	Open_Date	Deadline	Days_Left	Requirements_Key	Fit_1_5	Fit_Rationale	Competition_Level	Competition_Basis	Effort_Estimate	Confidence	Last_Verified	First_Seen	Last_Updated	Change_Flag	Next_Action	Owner_Status	URL	Source_Note
P-0001	Postdocs in psychiatric epidemiology and/or statistical genetics	Aarhus University	National Centre for Register-based Research (NCRR) / iPSYCH, Dept of Public Health		Aarhus	Denmark	Postdoc, fixed-term full-time	2 years		2026-06-01	CLOSED				PhD in statistical genetics, biostatistics, epidemiology or bioinformatics; GWAS tooling (PLINK, BOLT-LMM, GCTA); Danish register data; R/Python	5	Closest institutional match found in the EU to her top two research lines at once: register-based psychiatric epidemiology plus statistical genetics of psychiatric disorders. iPSYCH is the Danish psychiatric-genetics cohort that feeds the PGC, whose GWAS/PRS output she already works alongside. The stated toolkit (PLINK, GWAS pipelines, R) is exactly her independent level and nothing here requires the neuroimaging or electrophysiology she has only at supervised level. Her MD plus Laboratory Medicine residency is a real differentiator in a centre that reasons about registry diagnoses, phenotype definition and clinical validity. Denmark is EU/EEA: no visa, no permit, relocation only; Danish postdoc pay is collectively bargained and above any floor (she has set none). INELIGIBLE / NOT APPLICABLE NOW: this advert asked for a 2026-06-01 start and is long closed, and any Aarhus postdoc opening now will be filled well before her Feb 2028 (ETA) defence; she cannot take a PhD-required postdoc before then, nor anything at all before 2027-05-22 when the residency ends. Kept at Fit 5 because Fit measures profile match, not timing, and this row exists to mark a recurring hiring channel: AU/NCRR/iPSYCH has advertised statistical-genetics postdocs repeatedly on EURAXESS. Application work is nil now and moderate later (CV, research statement, referees). Hook for 2027: the QIMR Berghofer connection (QIMR and iPSYCH/PGC circles overlap heavily) and the Nature Mental Health manuscript if accepted by then.	HIGH	Flagship international psychiatric-genetics centre, English-language, advertised EU-wide on EURAXESS; global applicant pool	M	UNVERIFIED	2026-08-23	2026-08-23	2026-08-23	NEW	No aplicar: ventana equivocada. En Q2 2027 revisar las vacantes de AU y EURAXESS para la siguiente ronda NCRR/iPSYCH y escribir al group leader indicando defensa prevista en feb 2028 y disponibilidad H1 2028; preguntar tambien si acogen candidaturas Marie Curie / danesas, que es el mecanismo que si encaja con su reloj.	NEW	https://international.au.dk/about/profile/vacant-positions/job/postdocs-in-psychiatric-epidemiology-and-or-statistical-genetics	Rama 1 (EURAXESS/portales UE). international.au.dk devuelve HTTP 403 al fetch automatico, asi que no se pudieron leer fechas en el origen; listados EURAXESS historicos del mismo centro confirman el canal recurrente.
P-0002	Postdoctoral Research Scientist in Statistical Genomics / Genetic Epidemiology	Max Planck Institute for Psycholinguistics	Population Genetics of Human Communication group	Beate St Pourcain	Nijmegen	Netherlands	Full-time postdoc (39 h/week)	3 anos (fixed-term)	73999,91-91055,27 EUR/ano segun experiencia, incluido el 8% de subsidio de vacaciones	2026-12-01 (inicio propuesto en el anuncio)	ROLLING	2026-08-12	sin fecha de cierre en la ficha institucional, pero el tablon de la ISPG (Tier 2) precisa ahora que la revision de candidaturas empieza el 2026-10-08: hay ventana efectiva, no plazo formal		PhD en genomica estadistica, epidemiologia genetica, bioestadistica o campo cuantitativo afin; metodos omicos para arquitectura genetica de fenotipos humanos; R, Python, Perl, shell. Deseable: SEM, meta-analisis, neuroimagen. SIN PLAZO FIJO: revision continua de candidaturas a partir del 2026-10-08 y hasta cubrir la plaza. Encuadre en el consorcio EAGLE.	4	On content this is as close to her profile as an advert gets: genomic analysis of the genetic correlates of social behaviour from infancy onwards, aimed at trajectories of mental-health outcomes. That is the intersection of all three of her lines - statistical genetics of complex traits, GWAS/PRS of mental-health phenotypes, and genetics of infant/toddler phenotypes - and the desirable extras (SEM, meta-analysis, neuroimaging familiarity) match her QIMR Berghofer training and the Nature Mental Health manuscript rather than demanding neuroimaging she cannot run solo. PLINK/R/some-Python is the required stack. EU citizenship means no permit issue in the Netherlands and the salary is far above any floor (none set). INELIGIBLE FOR THIS INSTANCE: the post requires an already-defended PhD (hers is an ETA of Feb 2028) and a 2026-12-01 start, while she is committed to the Malaga residency until 2027-05-22 - unreachable even with negotiation, and rolling review from Oct 2026 means it will be filled first. Held at 4 rather than 5 for that reason plus a thin publication record (two first-author manuscripts under review) against a Max Planck pool. Application would be CV, research statement and referees: XS now, S later. Hook: St Pourcain works on exactly her infant-phenotype/psychiatric-genetics overlap.	HIGH	Razonado, no medido: financiacion Max Planck, PI conocida en el campo, salario en el tramo alto europeo, instituto internacional anglofono y revision continua que premia al que llega antes	XS	VERIFIED	2026-09-28	2026-08-23	2026-09-28	UPDATED	"URGENTE respecto a semanas anteriores: el tablon de la ISPG (Tier 2) dice que la revision de candidaturas arranca el 08-10-2026, asi que el ""sin plazo"" de esta fila tiene fecha efectiva a diez dias. Escribir YA a Beate St Pourcain (beate.stpourcain@mpi.nl), sin candidatura formal, con dos preguntas: si el inicio propuesto (01-12-2026) admite diferirse a mediados de 2027 o a 2028, y si confirma la fecha del 08-10. El gancho es el solapamiento exacto con sus lineas 1-3 (genetica estadistica de rasgos complejos, GWAS/PRS y genetica del sueno infantil) mas el combo MD+PhD. CHOQUE DE CALENDARIO SERIO: el anuncio propone empezar el 01-12-2026 y ella no esta libre hasta el 22-05-2027, ni con el doctorado defendido hasta febrero de 2028 (ETA)."	NEW	https://recruitingapp-5569.de.umantis.com/Vacancies/496/Description/2?lang=eng	Reverificada 2026-09-21 en Tier 1 (www.mpi.nl/career-education/vacancies la listaba como unica vacante sin 'DEADLINE HAS PASSED'). 2026-09-28, rama 5: el tablon de empleo de la ISPG (SRC-0030) reproduce la plaza con salario 73.999,91-91.055,27 EUR (coincide con la fila) y anade un dato NUEVO que no estaba en la ficha institucional: 'rolling review beginning October 8, 2026'. Ese dato es Tier 2 y no se ha confirmado en el dominio del MPI, por lo que Last_Verified y Confidence no se tocan. | 2026-09-28, rama 3: abierta ademas la ficha del portal umantis (Tier 1), que confirma la plaza viva, sin fecha de cierre, en linea desde el 12-08-2026, 3 anos, 73.999,91-91.055,27 EUR/ano e inicio propuesto el 01-12-2026. De ahi que Last_Verified y VERIFIED si suban: lo que queda sin confirmar en el dominio del MPI es unicamente la fecha del 08-10-2026.
P-0003	Postdoctoral Fellow in Psychiatric Genomics	Icahn School of Medicine at Mount Sinai	Mullins Lab - Dept of Psychiatry / Genetics and Genomic Sciences; International Suicide Genetics Consortium (ISGC)	Niamh Mullins	New York, NY	USA	Postdoctoral fellowship				OPEN				Analisis estadistico de datos geneticos/genomicos a gran escala e historia clinica electronica; ~75% consorcio ISGC, ~25% prediccion de riesgo genetico; redaccion de manuscritos. Doctorado presumiblemente exigido (sin confirmar: la pagina no se pudo abrir).	4	Content-wise this is her research line 2 almost verbatim: GWAS of psychiatric disorders inside a PGC-adjacent consortium (ISGC) with an explicit genetic risk prediction workstream, i.e. PRS. The 25% EHR/risk-prediction component is where the MD stops being a curiosity and becomes the argument - phenotype definition from electronic health records is exactly where a Laboratory Medicine specialist outperforms a pure statistical geneticist, and it is the sharpest framing she has for any US application. The advert reportedly offers visa sponsorship, relocation assistance and subsidised housing, which removes the main structural obstacle for a non-US citizen; she would still need J-1 or H-1B, adding 4-6 months of lead time after any offer. Held at 4, not 5: the posting could not be opened (Nature Careers returns HTTP 400 to automated fetching) so duration, salary, deadline and the exact PhD wording are unconfirmed; the timing is wrong for this instance, since a fellowship advertised now will not still be open in Feb 2028; and her record of two manuscripts under review is light against US applicants who typically arrive with several first-author genomics papers. Application would be CV, research statement and 3 references.	HIGH	Laboratorio de genomica psiquiatrica de alto perfil en una facultad de medicina estadounidense, anunciado internacionalmente y con patrocinio de visado	M	UNVERIFIED	2026-09-14	2026-08-23	2026-09-28	UPDATED	El anuncio de Nature Careers ya NO se puede recuperar: la URL guardada devuelve HTTP 400 y la API de Nature responde 404 'job not found (jobId: 754125)', lo que apunta a que la oferta se ha retirado del tablon. En paralelo, la pagina del Mullins Lab sigue declarando plazas abiertas de postdoc y staff scientist con contacto niamh.mullins@mssm.edu (no se pudo abrir: labs.icahn.mssm.edu devuelve 403). Conflicto declarado, no resuelto. Accion para la duena: escribir directamente a niamh.mullins@mssm.edu preguntando por plazas de 2027-2028, con el gancho MD+PhD y GWAS/PRS psiquiatricos; visado J-1/H-1B a negociar.	NEW	https://www.nature.com/naturecareers/job/postdoctoral-fellow-in-psychiatric-genomics-icahn-school-of-medicine-at-mount-sinai-ismms-mshs-754125	Re-verificacion intentada el 2026-09-28 por tres vias: URL guardada de Nature Careers (HTTP 400), API de Nature por sourceId 754125 (404) y pagina del laboratorio (403 Akamai). Last_Verified NO se sube: no se abrio ninguna pagina Tier 1.
P-0004	Postdoctoral Researcher in Psychiatric and Genetic Epidemiology (ERC StressGene)	University of Iceland	Centre of Public Health Sciences, Faculty of Medicine - proyecto ERC StressGene	Unnur Valdimarsdottir	Reykjavik	Iceland	Postdoc				CLOSED				Doctorado; epidemiologia genetica y psiquiatrica; variantes de secuencia asociadas a trastornos psiquiatricos relacionados con el estres; datos de cohorte/biobanco	4	ERC-funded team working on genetic variants underlying stress-related psychiatric disorders in deeply phenotyped Icelandic cohorts - squarely her line 2 and methodologically adjacent to line 1. Iceland is EEA, so no permit is needed, and the group works in English (her C2), which matters because she has no Icelandic. The MD is a genuine asset in a public-health-sciences centre that phenotypes psychiatric outcomes from health registries, and her Laboratory Medicine training reads well against biobank and genotype data handling. Short of a 5 because the group's centre of gravity is the epidemiology of trauma and stress rather than statistical-genetics method development, so she would enter as the genetics analyst on an epidemiology team - a reframing job - and her record (two first-author manuscripts under review, nothing accepted) is thin for an ERC-funded slot. INELIGIBLE / CLOSED: the EURAXESS advert (job 557315) no longer resolves, and expired EURAXESS ads redirect silently to the search page; an ERC project recruiting in 2026 will not still be recruiting for a Feb 2028 start. The value of this row is the group, not the vacancy.	HIGH	Puesto financiado por el ERC en un centro de cohortes de renombre internacional, anunciado en EURAXESS	M	UNVERIFIED	2026-09-07	2026-08-23	2026-09-07	UPDATED	Registrar el grupo, no el anuncio. Hacia mediados de 2027 comprobar si StressGene o su ERC sucesor sigue reclutando y escribir al grupo de Unnur Valdimarsdottir con una nota de encaje de una pagina; mientras tanto mantener el centro en la lista de posibles acogidas MSCA-PF, que es la via que si encaja con una defensa en feb 2028.	NEW	https://euraxess.ec.europa.eu/jobs/557315	Rama 1 (EURAXESS). 2026-09-07: reabierta la URL del anuncio 557315 y confirmado que ya no existe, devuelve la lista generica de busqueda de EURAXESS. Matiz importante: en esta pasada CUALQUIER URL de euraxess.ec.europa.eu/jobs devolvio esa misma lista generica al fetch automatico, asi que el enlace roto no es diagnostico por si solo; aun asi, un anuncio de 2026 no seguiria vivo. El valor de la fila es el grupo, no la vacante.
P-0005	Postdoc Statistical Genetics (Complex Trait Genetics lab)	Vrije Universiteit Amsterdam	Dept of Complex Trait Genetics, Center for Neurogenomics and Cognitive Research (CNCR)	Danielle Posthuma	Amsterdam	Netherlands	Fijo-discontinuo, min. 0.8 FTE	1 ano (prorrogable segun financiacion)	40500-64000 base (escala 10, 3378-5331 EUR bruto/mes; excluye 8% vacaciones y 8,3% paga de fin de ano)		CLOSED	2025-05-23	2025-06-18		Doctorado en estadistica, matematicas, biologia computacional o genetica estadistica; programacion y desarrollo de software; genetica de big data en la interseccion genetica-biologia-neurociencia	4	The CTG lab is the flagship European group for statistical genetics of complex traits and brain/psychiatric phenotypes - her research lines 1 and 2 in one place - hiring through a board she can monitor, in the EU where she needs no sponsorship at all. Its day-to-day is what she already does independently, GWAS/PRS pipelines in PLINK/R, and its neuro-cognitive angle lets her use the MRI and computational-neuroscience training as context rather than as a skill she must run solo, which is the honest limit of that training. Dutch scale 10 plus holiday and year-end allowances is comfortably above any floor (none set) and the working language is English. Two honest deductions from a 5: CTG postings lean towards method and software development, while she is a pipeline user with AI-assisted Python rather than a developer, so she would compete against applicants with a stats or maths PhD; and CTG postdocs are normally recruited with a strong first-author record she will not have until the two manuscripts land. CLOSED: deadline 2025-06-18, more than a year before this run. The value is the recurring pattern, and the contract being only one year is thin for an international move. Hook: her PRS/psychiatric-genetics work plus the QIMR Berghofer collaboration, which overlaps CTG's consortium world; the natural vehicle is an MSCA Postdoctoral Fellowship with CTG as host, which needs the host conversation about 12 months ahead.	HIGH	Laboratorio de genetica de rasgos complejos mas conocido de Europa continental; sus plazas atraen candidaturas internacionales y circulan por la BGA y EURAXESS	M	VERIFIED	2026-08-23	2026-08-23	2026-08-23	NEW	Crear un filtro permanente en AcademicTransfer (empleador Vrije Universiteit Amsterdam + palabra clave genetics) y revisarlo mensualmente; CTG ha anunciado postdoc de genetica estadistica al menos una vez en el ciclo 2025, asi que cabe esperar reapertura. Aparte, es la mejor candidata a correo especulativo a Danielle Posthuma en otono de 2027 (~6 meses antes de la defensa ETA feb 2028), proponiendo una MSCA-PF con CTG como acogida.	NEW	https://www.academictransfer.com/en/jobs/352365/postdoc-statistical-genetics/	Ramas 1 y 2 (misma plaza, fusionada). AcademicTransfer (SRC-0007) abierta el 2026-08-23 y declara cerrada la solicitud (deadline 18 jun 25). La URL propia de VU (workingat.vu.nl/vacancies/postdoc-statistical-genetics-amsterdam-1174461) devuelve 404. Registrada a proposito como patron de vacante recurrente, no como apertura accionable.
P-0006	Postdoctoral Research Scientist in host genetics and data integration for liver cancer risk prediction	University of Oxford	Nuffield Department of Medicine, Experimental Medicine - consorcio DeLIVER	Azim Ansari (genetica); Eleanor Barnes (IP DeLIVER); Hamish Innes (estadistica)	Oxford	United Kingdom	Postdoc a jornada completa, duracion determinada	2 anos	45300-55000 aprox (GBP 39424-47779)		CLOSED	2026-08-21	2026-09-11		Doctorado obtenido o proximo a completarse en genetica estadistica, epidemiologia genetica, biologia computacional, bioinformatica o estadistica; R y/o Python; GWAS, QC de genotipado, estructura poblacional, imputacion, mapeo de QTL, aleatorizacion mendeliana, prediccion poligenica, integracion multiomica	3	Technique match is close to exact for her research line 1: the advert asks for GWAS pipelines, imputation, population structure and polygenic risk prediction in R/Python, the PLINK+R stack she runs independently, and it explicitly accepts a PhD close to completion - rare wording that would suit her mid-2027 to Feb-2028 window if it recurred. The MD is a genuine differentiator because DeLIVER is a clinical cohort study of liver cancer surveillance, so someone who can read the clinical phenotyping is worth more than a pure bioinformatician. Two things hold it at 3: the disease domain is hepatology/oncology rather than psychiatric or sleep genetics, so she would move her methods to a new phenotype with no liver publications to point at; and the timing is fatal for this instance, closing 2026-09-11 for a start long before she is free. Post-Brexit she would need a UK Skilled Worker visa, which Oxford routinely sponsors, though the advert carries no right-to-work statement so this is unconfirmed. Application is a full Oxford supporting statement against about ten selection criteria plus two referees: M effort. Salary is well above her (absent) floor.	HIGH	Postdoc de genetica estadistica en Oxford NDM con elegibilidad cuantitativa amplia (8 disciplinas admitidas) y anuncio internacional abierto en jobs.ac.uk	M	VERIFIED	2026-09-14	2026-08-23	2026-09-07	CLOSED	Ninguna: plazo vencido el 11-09-2026. La ficha sigue servida en jobs.ac.uk pero la fecha de cierre ya paso; archivar.	NEW	https://www.jobs.ac.uk/job/DSR614/postdoctoral-research-scientist-in-host-genetics-and-data-integration-for-liver-cancer-risk-predication-and-early-detection	Rama 2, 2026-09-07: sigue listado y activo en jobs.ac.uk (ref DSR614, cierre 11 Sep, 39.424-47.779 GBP). Aparece en tres busquedas distintas (statistical genetics, polygenic, genetic epidemiology).
P-0007	Postdoc in method development in human statistical genetics (classification of complex traits)	Aarhus University	Center for Quantitative Genetics and Genomics (QGG)	Doug Speed (doug@qgg.au.dk)	Aarhus	Denmark	Postdoc	2 anos		2026-10-01	CLOSED		2026-05-01		Doctorado; desarrollo de metodos estadisticos para datos GWAS de rasgos complejos humanos, con foco en clasificacion; base cuantitativa y de programacion solida	3	Tema exactamente su linea 1, genetica estadistica de rasgos complejos humanos, y el grupo de Doug Speed construye LDAK y SumHer, herramientas que ella ya usa aguas abajo, lo que da un gancho creible para un contacto en frio. Dinamarca es UE: sin visado, grupo que trabaja en ingles (su C2) y contrato de dos anos en vez del ano tipico holandes. El freno honesto es la expresion method development: el puesto consiste en escribir y evaluar estimadores nuevos, no en ejecutar pipelines GWAS/PRS, y su nivel independiente es ejecucion de pipelines en PLINK/R con Python asistido por IA; entraria por debajo del liston salvo que dedique los proximos 18 meses a construir evidencia metodologica (un repositorio publico, un estudio de simulacion, una seccion de metodos suya de principio a fin en el articulo de Nature Mental Health), que es un plan legitimo y por eso la fila se queda en 3 y no se descarta. Sin salario publicado; el sueldo postdoctoral danes supera cualquier suelo, y no hay suelo. CONFLICTO DE FUENTES RESUELTO EL 2026-09-07: la rama 1 habia leido plazo 2026-05-01 y la rama 2 lo vio vivo y sin plazo en Nature Careers; una segunda fuente independiente (el anuncio difundido por el propio centro en LinkedIn y sus resumenes) confirma plazo 1 de mayo con incorporacion el 1 de octubre de 2026, y las fichas de Nature Careers suelen sobrevivir al cierre sin mostrar plazo, que es la explicacion economica de la discrepancia. Como la fecha de incorporacion ya paso, el puesto esta cerrado con independencia de como se resuelva el detalle. Dato nuevo y util: la plaza cuelga de un proyecto ERC de Speed sobre metodos estadisticos para clasificar enfermedades, o sea financiacion plurianual y contratacion previsiblemente recurrente. Ella NO podia presentarse en ningun caso: la residencia MIR no termina hasta el 22-05-2027 y la defensa se estima en febrero de 2028.	HIGH	Postdoc de metodos anunciado internacionalmente en un centro lider de genetica cuantitativa; los puestos de desarrollo metodologico atraen perfiles muy cuantitativos	L	LIKELY	2026-09-07	2026-08-23	2026-09-07	UPDATED	Conflicto cerrado, no reabrirlo. En la primavera de 2027 revisar si el proyecto ERC de Doug Speed vuelve a sacar plaza, y sobre todo escribirle a doug@qgg.au.dk en el primer trimestre de 2028, ya con la tesis defendida, para proponerle ser anfitrion de una MSCA-PF en la convocatoria de 2028; la de 2027, con plazo el 08-09-2027, le queda fuera por calendario.	NEW	https://www.nature.com/naturecareers/job/12856703/postdoc-position-in-method-development-in-human-statistical-genetics-with-a-focus-on-classificat-/	Ramas 1 y 2 (misma plaza, fusionada). Conflicto de fechas cerrado por la rama 1 el 2026-09-07 con una segunda fuente independiente. nature.com sigue bloqueando el fetch (HTTP 400) y en esta pasada fallaron ademas qgg.au.dk/en/about-qgg/vacancies (HTTP 404) y www.au.dk (HTTP 403), asi que la confianza sube a LIKELY y no a VERIFIED.
P-0008	Computational Scientist I - McCarroll Lab	Broad Institute of MIT and Harvard	McCarroll Lab (Stanley Center for Psychiatric Research / Genomic Neurobiology)	Steven McCarroll	Cambridge, MA	USA	Staff scientist (Computational Scientist I)				OPEN	2026-06-23			Genomica computacional y estadistica; datos geneticos humanos a gran escala. Requisitos exactos no legibles desde la vista de listado del portal; sin fecha de cierre publicada.	3	The only role found this run inside the Stanley Center orbit, and the most valuable single data point of the institution-direct branch: McCarroll is Director of Genomic Neurobiology at the Stanley Center and the lab is the psychiatric-genetics engine at the Broad. Her fit: statistical genetics of complex traits is her top line and PLINK/R GWAS-PRS pipelines are what she runs independently, which is the right half of this job. The gap is that the group works heavily in single-cell brain genomics and a Computational Scientist hire there is normally expected to be independently productive in Python and single-cell pipelines on day one, while her Python is AI-assisted and her neuroimaging and electrophysiology are supervised level. The MD+PhD combination is a genuine differentiator at the Stanley Center specifically, because they value clinicians who can reason about psychiatric phenotypes. TIMING, plainly: posted 2026-06-23 and will be filled long before she is free. Visa: USA, she is an EU citizen and would need H-1B or J-1 sponsorship; the Broad does sponsor, but it lengthens any offer. An application would need the Nature Mental Health manuscript out of review and ideally accepted, plus a demonstrable Python portfolio. Treat as intelligence: it establishes that the Stanley Center hires computational staff scientists, not only postdocs, on rolling adverts without deadlines.	HIGH	Los puestos computacionales del Broad atraen candidaturas internacionales y McCarroll es un PI de alto perfil en genomica psiquiatrica	M	VERIFIED	2026-09-28	2026-08-23	2026-09-28	UPDATED	RECUPERADA: la sospecha de la semana pasada era un artefacto de la paginacion. Recorriendo el portal Avature con jobOffset (0, 6, 12, 18, 24, 30) la plaza aparece viva en el tramo jobOffset=24 con la referencia 22042. Deja de estar UNVERIFIED y vuelve a OPEN con URL directa. Sin fecha de cierre publicada, asi que no hay urgencia de plazo: leer la ficha y decidir si se escribe al McCarroll Lab.	NEW	https://broadinstitute.avature.net/en_US/careers/JobDetail/Computational-Scientist-I-McCarroll-Lab/22042	Intento de re-verificacion el 2026-09-21 SIN exito: el portal Avature del Broad pagina de 6 en 6 (6 paginas) y el parametro searchKeyword se ignora, asi que la pagina 1 solo devuelve las ofertas mas recientes y el puesto McCarroll no aparece ni se puede descartar. NO es prueba de cierre. Se baja a UNVERIFIED por honestidad: la ultima verificacion real es del 2026-08-23.
P-0009	PhD / Postdoc Fellowship Call 2026 - Functional Genomics Team (llamada de acogida)	CNAG (Centro Nacional de Analisis Genomico)	Functional Genomics Team	Contactos publicados: anna.esteve@cnag.eu, mireya.fernandez@cnag.eu	Barcelona	Spain	Acogida de candidaturas con financiacion propia (PhD o postdoc)				CLOSED		2026-02-19		Doctorado completado para la via postdoc; candidatura canalizada via Juan de la Cierva, EMBO o la Caixa INPhINIT Incoming/Retaining; perfil de genomica/bioinformatica	3	Not a salaried vacancy but a host call: CNAG names the fellowship schemes it will support and invites candidates to apply with it as host. That structure is exactly what her clock needs - she cannot take a PhD-required postdoc before Feb 2028 (ETA), but she can be writing a Juan de la Cierva or la Caixa INPhINIT Retaining application in late 2027 for a 2028 start, and CNAG says in advance that it will host. Barcelona means no relocation out of Spain and no permit, and it keeps the Spanish Laboratory Medicine / Genetica Medica lane physically reachable, which matters because she wants that track genuinely alive rather than as a fallback. The content fit is partial and honest: CNAG's Functional Genomics team is sequencing- and functional-genomics-led rather than complex-trait statistical genetics, so she would move one field sideways - which her profile explicitly allows - and her PLINK/R/GWAS skills transfer to the analysis side, not the functional side. Effort is front-loaded onto the fellowship application itself, weeks of work plus a host agreement, not onto this call. The 2026 edition closed 2026-02-19. Note the mechanism overlaps the fellowships routine: what belongs in this tab is CNAG-as-host, not the schemes themselves.	MEDIUM	Llamada de acogida, no plaza unica: el cuello de botella real son las convocatorias competitivas subyacentes (Juan de la Cierva, la Caixa INPhINIT), no la seleccion del CNAG	L	VERIFIED	2026-08-23	2026-08-23	2026-08-23	NEW	Agendar la edicion 2027: el CNAG lanza esta llamada anualmente con cierre global hacia febrero y plazos de las becas anteriores (Juan de la Cierva ~dic, EMBO ~ene, INPhINIT ~ene/feb). En otono de 2027, escribir a anna.esteve@cnag.eu preguntando si Functional Genomics o un equipo de analisis acogeria una solicitud Juan de la Cierva / INPhINIT Retaining con inicio a mediados de 2028.	NEW	https://www.cnag.eu/jobs/phd-postdoc-fellowship-call-2026-functional-genomics-team	Rama 1. Pagina de la convocatoria leida directamente; plazos y correos de contacto tomados de ella.
P-0010	Postdoctoral Scientist, Computational Epigenomics and Genetics	Centre for Genomic Regulation (CRG)	Computational epigenomics and genetics		Barcelona	Spain	Postdoc				OPEN				Doctorado; genomica/epigenomica computacional; analisis estadistico de grandes conjuntos genomicos (detalle no leido: portal bloqueado con HTTP 403)	3	Worth keeping for where it is and what it borders, not because it is a bullseye. The CRG is Spain's flagship genomics institute, ERC-dense and English-working, in Barcelona - one of very few places where a serious computational-genetics career and the Spanish clinical / Genetica Medica lane can coexist without leaving the country or losing the Laboratory Medicine option. Content is adjacent rather than central: computational epigenomics is not her statistical-genetics-of-complex-traits core, but her profile explicitly allows adjacent fields, and epigenetics already sits inside her sleep-genetics reading - her Journal of Sleep Research review covers the genetics and epigenetics of early-childhood sleep - so the reframing story writes itself. Transferable strengths are the GWAS/PRS pipeline work and large-dataset statistical handling; what she lacks is wet-lab epigenomics and heavy method development, so she should target the analysis seat, not the tool-building seat. UNREAD: recruitment.crg.eu returns HTTP 403 to automated fetching, so deadline, duration, salary and requirements are all unread and the OPEN status rests only on the portal listing it as live. Timing caveat as everywhere: a post open in Aug 2026 will not survive to Feb 2028, so its real use is to mark the CRG as a host to approach for an MSCA-PF or Juan de la Cierva agreement.	UNKNOWN	Anuncio no legible (403); el CRG es en general competitivo y de difusion internacional	M	UNVERIFIED	2026-08-23	2026-08-23	2026-08-23	NEW	La duena debe abrir el enlace del CRG en un navegador para leer plazo y perfil (el portal bloquea el acceso automatico). Al margen de este anuncio, anadir el CRG a la lista corta de acogidas espanolas a las que dirigirse en 2027 para un inicio financiado en 2028.	NEW	https://recruitment.crg.eu/content/jobs/position/postdoctoral-scientist-computational-epigenomics-and-genetics	Rama 1. Surgido al rastrear centros genomicos de Barcelona; el portal del CRG devolvio HTTP 403 en el unico intento de fetch.
P-0011	Postdoctoral positions in human population genetics, complex disease and cancer	Albert Einstein College of Medicine	No identificado		New York, NY	USA	Postdoc				OPEN				Experiencia en GWAS y puntuaciones de riesgo poligenico en poblaciones de ascendencia diversa (segun resumen del listado; pagina no abierta)	3	GWAS plus polygenic risk scores in diverse-ancestry populations is squarely the toolkit she runs independently, and cross-ancestry PRS transferability is a growth area where her psychiatric-genetics angle would transfer rather than restart. But almost everything else is unknown: no PI named, no group, no deadline, no salary, and no confirmation of what fraction is cancer versus complex disease - and neither her line 2 nor line 3 appears, so she would be pivoting phenotype. As a US post it needs J-1 or H-1B sponsorship, which Einstein routinely does but which the listing did not confirm. Given her currently light publication record, an unnamed-PI US advert is a weak use of application effort compared with a targeted approach to a lab whose papers she can name. Logged at 3 for the technique overlap, with the caveat that a human must verify it before anyone spends effort on it.	UNKNOWN	Informacion insuficiente: el anuncio no se pudo abrir	M	UNVERIFIED	2026-09-14	2026-08-23	2026-09-28	UPDATED	Mismo patron que P-0003: la URL de Nature Careers devuelve HTTP 400 y la API responde 404 'job not found (jobId: 757285)', probable retirada del anuncio. No hay confirmacion independiente de que la plaza siga abierta. Pendiente para la rama 3: abrir el portal de empleo propio del Albert Einstein College of Medicine y cerrar o confirmar la fila.	NEW	https://www.nature.com/naturecareers/job/postdoctoral-positions-in-human-population-genetics-complex-disease-and-cancer-in-new-york-city-usa-albert-einstein-college-of-medicine-einstein-757285	Re-verificacion intentada el 2026-09-28 (Nature Careers, URL y API). Last_Verified sin cambio: no se abrio pagina Tier 1.
P-0012	Junior Research Data Scientist	King's College London	NIHR BioResource Centre Maudsley, Social, Genetic & Developmental Psychiatry (SGDP) Centre		London	United Kingdom	Duracion determinada	2026-10-01 a 2029-09-30, prorrogable segun financiacion	45000-50500 aprox (GBP 39076-43909 incl. London Weighting)	2026-10-01	CLOSED	2026-08-20	2026-09-03		Titulacion cuantitativa o experiencia equivalente (no exige doctorado); R o Python, SQL, limpieza de datos, REDCap/Qualtrics; deseable Git, Snakemake/Nextflow/Singularity, datos genomicos y longitudinales	2	Right centre - SGDP is the UK home of psychiatric and behavioural genetics - but wrong role and wrong clock: a data-engineering post that does not require a PhD, starting 2026-10-01 while she is still in residency, and a step sideways from research.	MEDIUM	El listón de entrada sin doctorado amplia el grupo de candidatos, pero la mezcla de competencias (SQL, pipelines reproducibles, plataformas de datos de investigacion) lo estrecha	S	LIKELY	2026-09-07	2026-08-23	2026-09-07	UPDATED	Sin solicitud. Se conserva como prueba de que KCL SGDP / NIHR BioResource Maudsley contrata personal cuantitativo con regularidad: crear una alerta en jobs.ac.uk con King's College London + Social, Genetic para anuncios de grado postdoc a partir de finales de 2027.	NEW	https://www.jobs.ac.uk/job/DSR260/junior-research-data-scientist	Rama 2, 2026-09-07: plazo 03-09-2026 vencido y no reaparece en ninguna de las cinco busquedas tematicas de jobs.ac.uk. Base = plazo vencido, no se abrio la pagina del anuncio.
P-0013	Postdoctoral Research Associate in Epidemiology and Health Data Science	Queen Mary University of London	Centre for Primary Care, Wolfson Institute of Population Health		London	United Kingdom	Duracion determinada		44200-59500 aprox (GBP 38419-51755)		CLOSED	2026-08-05	2026-09-06		Doctorado obtenido o proximo en epidemiologia, ciencia de datos en salud, estadistica o bioinformatica; datos longitudinales de salud a gran escala en R; deseable historia clinica del NHS enlazada, entornos seguros de investigacion, fragilidad/diabetes, datos genomicos y puntuaciones poligenicas	2	Genomics and PRS appear only as desirable extras on what is fundamentally an NHS electronic-health-record epidemiology post in primary care, so it uses her MD more than her statistical genetics, and it closes 2026-09-06, long before she is available.	MEDIUM	Elegibilidad cuantitativa amplia y grado postdoc estandar de Londres	M	VERIFIED	2026-09-07	2026-08-23	2026-09-07	UPDATED	Sin accion. Se conserva solo para dejar constancia de que el Wolfson Institute of Population Health combina a veces epidemiologia de historia clinica con puntuaciones poligenicas, un nicho MD + genetica estadistica plausible que conviene revisar en 2027.	NEW	https://www.jobs.ac.uk/job/DSM851/postdoctoral-research-associate-in-epidemiology-and-health-data-science	Rama 2, 2026-09-07: anuncio DSM851 de QMUL Wolfson Institute of Population Health visto en jobs.ac.uk con fecha de cierre 06 Sep 2026, ya pasada. Convocatoria agotada.
P-0014	Research Assistant (Moondance Dementia Laboratory)	Cardiff University	Division of Psychological Medicine and Clinical Neurosciences (misma division que el MRC Centre for Neuropsychiatric Genetics and Genomics)		Cardiff	United Kingdom	Research Assistant		39000-42100 aprox (GBP 33951-36636)		CLOSED		2026-09-17		Trabajo de evaluacion patologica en un laboratorio de demencia: banco y neuropatologia, no genetica estadistica	2	Right division and right university but the wrong work - dementia neuropathology at the bench, not GWAS/PRS - and it closes 2026-09-17, nine months before she is available.	MEDIUM	Puesto de grado Research Assistant en el Reino Unido; volumen de candidaturas estandar	S	VERIFIED	2026-09-21	2026-08-23	2026-09-21	CLOSED	Ninguna; plaza retirada.	NEW	https://cardiffuniweb.eploy.net/vacancies/vacancy-search-results.aspx?culture=en-GB	Re-verificado el 2026-09-21 en el portal eploy de Cardiff (cardiffuniweb.eploy.net, Tier 1): el listado completo son 12 vacantes y el Research Assistant del Moondance Dementia Laboratory ya no aparece. Su plazo era 2026-09-17.
P-0015	Clinical Research Associate (IoPPN)	King's College London	Institute of Psychiatry, Psychology & Neuroscience (IoPPN), Denmark Hill		London	United Kingdom	Clinical Research Associate				CLOSED		2026-08-27		Puesto clinico en el IoPPN; los puestos clinicos de KCL exigen normalmente registro GMC en el Reino Unido	2	Her MD makes her nominally eligible for an IoPPN clinical research post, but it closes in four days, it is clinical rather than statistical-genetics work, and UK clinical registration plus her residency running to 2027-05-22 rule it out.	UNKNOWN	No evaluado	S	LIKELY	2026-09-07	2026-08-23	2026-09-07	UPDATED	Sin accion. Se registra para dejar constancia de que el IoPPN si anuncia puestos de investigacion de via clinica, un carril que merece vigilancia por su titulo de medicina a partir de mediados de 2027.	NEW	https://www.kcl.ac.uk/jobs/154086-clinical-research-associate	Rama 2, 2026-09-07: plazo 27-08-2026 vencido; no figura ya en las busquedas de jobs.ac.uk. Base = plazo vencido.
P-0016	Clinical Research Fellow (IoPPN)	King's College London	Institute of Psychiatry, Psychology & Neuroscience (IoPPN), Denmark Hill		London	United Kingdom	Clinical Research Fellow				CLOSED		2026-09-18		Beca clinica en el IoPPN; normalmente exige registro clinico en el Reino Unido	2	Same as the IoPPN Clinical Research Associate above - an MD-track research post at exactly the right institute, but closing 2026-09-01 and requiring UK clinical registration she does not hold.	UNKNOWN	No evaluado	S	VERIFIED	2026-09-21	2026-08-23	2026-09-21	CLOSED	Sin accion mas alla de anotar el patron: el IoPPN mantiene un flujo constante de puestos de clinico-investigador. Revisar desde mediados de 2027.	NEW	https://www.kcl.ac.uk/jobs/155765-clinical-research-fellow	Re-verificado el 2026-09-21 en el buscador propio de KCL (Tier 1): la oferta 155765 Clinical Research Fellow (IoPPN, School of Academic Psychiatry, Denmark Hill) figura con cierre el 2026-09-18, NO el 2026-09-01 que teniamos. El plazo se extendio. CONFLICTO A VIGILAR: por titulo, centro y fecha de cierre, esta fila y P-0018 (jobs.ac.uk DST268) parecen la MISMA plaza duplicada desde dos fuentes.
P-0017	Research Officer - Experimental Biology and Surveillance Innovation	QIMR Berghofer Medical Research Institute	Experimental Biology and Surveillance Innovation		Brisbane	Australia	Research Officer				CLOSED				Cientifico experimental de laboratorio humedo (ref BV000084)	1	Wet-lab experimental biology with nothing to do with her statistical-genetics profile - logged only to record that QIMR's portal held no relevant vacancy on 2026-08-23.	UNKNOWN	No evaluado	S	VERIFIED	2026-09-28	2026-08-23	2026-09-28	CLOSED	Ya no figura en el listado completo de vacantes de QIMR Berghofer (a 2026-09-28 solo hay 6 y esta no esta). Cerrada, sin coste: salio del mismo listado que se abrio para el resto de la rama.	NEW	https://qimrberghofer.turborecruit.com.au/job/job_details.cfm?id=581998	Rama 3. Portal TurboRecruit propio de QIMR (Tier 1). Solo habia DOS vacantes en todo el instituto el 2026-08-23 (esta y una administrativa), ninguna en Mental Health & Neuroscience.
P-0018	Clinical Research Fellow (Psychological Medicine)	King's College London	Department of Psychological Medicine, IoPPN		London	United Kingdom	Clinical research fellowship (post asalariado)		52800		CLOSED		2026-09-18		Titulo de medicina; investigacion clinica en salud mental; probable exigencia de registro GMC en RU	3	(a) Encaja por el lado MD del combo: es un puesto de medico investigador en Psychological Medicine del IoPPN, el entorno britanico mas fuerte en genetica psiquiatrica (SGDP a un pasillo), y ahi su perfil MD+PhD en genetica estadistica de rasgos complejos vale mas que un CV bibliometrico corto. (b) Candidatura tipica: CV, carta, dos referencias y entrevista clinica; trabajo real S, pero el plazo del 18-09-2026 lo hace irrelevante en la practica. (c) Salario publicado 45.943 GBP anuales sin London Weighting (~53.000 EUR al cambio aproximado; la cifra oficial es la libra). (d) Sin problema de visado por nacionalidad UE solo a medias: RU ya no es libre circulacion, haria falta Skilled Worker visa, y un Clinical Research Fellow suele exigir registro GMC, que ella no tiene. (e) NO PUEDE PRESENTARSE: sigue en residencia MIR hasta el 22-05-2027 y su tesis no se defiende hasta feb-2028. El valor de la fila es el canal: KCL IoPPN saca Clinical Research Fellow de forma recurrente (P-0016 cerro el 01-09-2026 y este anuncio aparece con plazo 18-09-2026), asi que conviene volver a mirarlo en 2027.	HIGH	IoPPN es destino de primer nivel en salud mental y el puesto admite a cualquier medico con interes investigador en RU	S	VERIFIED	2026-09-21	2026-09-07	2026-09-21	CLOSED	Comprobar si es la misma plaza que P-0016 y fusionar; si el IoPPN la reabre, merece la pena porque es de las pocas de Fit 3 que aceptan perfil clinico.	NEW	https://www.jobs.ac.uk/job/DST268/clinical-research-fellow	Re-verificado el 2026-09-21: su plazo (2026-09-18) ya ha vencido, y el buscador de KCL confirma esa misma fecha de cierre para la oferta 155765. Muy probablemente duplicado de P-0016.
P-0019	Postdoctoral Fellow in Neurogenetics	National Institute on Aging (NIH)			Bethesda, Maryland	USA	Postdoc intramural NIH		no publicada: 'Salary Commensurate With Experience'		OPEN		2026-10-11		Doctorado (o MD) y experiencia en genetica/genomica; anuncio dice salario acorde a experiencia	3	(a) Es genetica humana computacional en el intramural del NIH, adyacente a su linea 1 (genetica estadistica de rasgos complejos): las cohortes de neurogenetica del NIA trabajan con GWAS y scores poligenicos, que es exactamente lo que ella maneja de forma independiente con PLINK y R. No exige neuroimagen ni electrofisiologia autonomas, que es donde su formacion es solo supervisada. (b) Candidatura NIH intramural: CV, carta de investigacion y tres cartas de referencia, y el proceso es rodante mas que por plazo; esfuerzo real M por las cartas y el research statement. (c) Condiciones no publicadas mas alla de 'commensurate with experience': no se inventa cifra. (d) Requiere patrocinio de visado J-1 o similar, que el NIH tramita de forma rutinaria para postdocs extranjeros: es friccion, no barrera. (e) NO PUEDE PRESENTARSE AHORA: fin de residencia 22-05-2027 y defensa prevista feb-2028; ademas la pagina del anuncio devuelve 403 al fetch automatico y no se pudo leer nombre del laboratorio ni PI, asi que la fila queda UNVERIFIED a proposito. Su valor es marcar el intramural del NIA como canal permanente que hay que abrir a mano en 2027.	UNKNOWN	No se pudo abrir el anuncio; sin datos de numero de plazas ni de perfil buscado	M	LIKELY	2026-09-28	2026-09-07	2026-09-28	UPDATED	Sigue abierta con plazo publicado 2026-10-11, incompatible con su disponibilidad (residencia hasta 05-2027, doctorado ETA 02-2028). Interesa como precedente: el NIA reabre plazas intramurales de neurogenetica con regularidad; revisar en 2027.	NEW	https://jobs.sciencecareers.org/job/679674/postdoctoral-fellow-in-neurogenetics/	jobs.sciencecareers.org (SRC-0004), Tier 2: anuncio abierto y leido el 2026-09-28, 'Closing date Oct 11, 2026'. La fecha no se pudo cruzar con la pagina del NIH porque www.training.nih.gov devuelve 403 (SRC-0149), por eso Confidence LIKELY y no VERIFIED.
P-0020	Postdoctoral Fellow - Statistical Genetics and Artificial Intelligence	Amgen deCODE genetics	Amgen R&D Postdoctoral Fellows Program	no nombrado en el anuncio	Reykjavik	Iceland	Postdoc (empleada a tiempo completo de Amgen)	4 anos (el programa Amgen contrata 3 anos ampliables a un cuarto)	no publicado	no publicado	OPEN	2026-08-22	no publicado (sin fecha de cierre anunciada)		Doctorado COMPLETADO antes de la fecha de inicio en estadistica, genetica humana, informatica, bioinformatica o matematicas; conocimiento profundo de genetica estadistica, bioestadistica o genomica computacional; publicaciones peer-reviewed y comunicaciones en congresos; Python o R; entornos HPC	4	Encaja de lleno con su linea 1 (genetica estadistica de rasgos complejos) y su linea 2 (GWAS/PRS): es un puesto metodologico sobre datos geneticos y biomedicos de escala poblacional en deCODE, justo donde ella trabaja sola con PLINK, R y pipelines GWAS/PRS; el componente de IA/machine learning es lo unico realmente nuevo y es aprendible desde su base. Islandia pertenece al EEE, asi que como ciudadana de la UE no necesita visado ni patrocinio: ventaja concreta frente a las plazas equivalentes de EEUU. Esfuerzo de candidatura medio (CV, carta, research statement en ingles C2 y referencias) por el portal Workday de Amgen; el punto debil real es el CV bibliometrico, porque el anuncio pide explicitamente logro cientifico demostrado con publicaciones peer-reviewed y ella tiene dos manuscritos en revision como primera autora y ninguna publicacion destacada, de modo que presentarse sin al menos uno aceptado seria debil. Salario no publicado. NO PUEDE presentarse a esta edicion: exige el doctorado completado ANTES de la fecha de inicio y su defensa es febrero de 2028 (ETA), ademas de que la residencia MIR no acaba hasta el 22-05-2027. El valor de la fila es el canal: el programa de postdoc de Amgen R&D es recurrente y deCODE saca plazas de genetica estadistica de forma repetida, asi que es un objetivo real para 2028. Sin PI nombrado; la via de contacto util es el portal de Amgen mas un correo al grupo de genetica estadistica de deCODE cuando tenga fecha de defensa cerrada.	HIGH	deCODE es uno de los destinos de referencia mundial en genetica estadistica y el anuncio pide expresamente publicaciones peer-reviewed y logro cientifico demostrado; el programa Amgen recluta a escala global.	M	LIKELY	2026-09-14	2026-09-07	2026-09-21	UPDATED	Abrir a mano careers.amgen.com y filtrar por localizacion Reykjavik; el portal no es legible por agente.	NEW	https://jobrxiv.org/job/postdoctoral-fellow-statistical-genetics-and-artificial-intelligence/	Intento de re-verificacion el 2026-09-21 SIN exito, y CORRECCION AL BRIEF: careers.amgen.com NO funciona bien para un agente. Responde 200 pero sirve una landing de tipo SPA sin ninguna oferta en el HTML; dos formas de URL de busqueda distintas (keywords=deCODE statistical genetics y keywords=Reykjavik) devolvieron la misma landing sin listados. Last_Verified se deja como estaba porque no se verifico nada.
P-0021	Postdoctoral Scholar/Researcher in Statistical Genetics - Young Lab	University of California Los Angeles (UCLA)	Young Lab, Human Genetics	no nombrado en el anuncio (grupo Young Lab; verosimilmente Alexander S. Young, sin confirmar)	Los Angeles	USA	Postdoc	no publicado	no publicado en EUR; USD 69.073-82.836 al ano segun el anuncio	no publicado	CLOSED	2026-02-17	no publicado; el anuncio aparece marcado como caducado en jobRxiv a 2026-09-07		No detallados en el anuncio recuperado; puesto de genetica estadistica en genetica humana	4	Es un laboratorio de genetica estadistica de genetica humana en UCLA, exactamente su linea 1 y su linea 2 (metodos de GWAS/PRS), y el tipo de grupo donde su trabajo independiente con PLINK y R vale mas que su lista de publicaciones. La plaza concreta esta CERRADA (anuncio de febrero de 2026 marcado como caducado), asi que HOY NO PUEDE presentarse; ademas, aunque estuviera abierta, no podria: la residencia MIR la ata hasta el 22-05-2027 y su defensa es febrero de 2028 (ETA), y un postdoc estadounidense exige doctorado ya defendido. Implicacion de movilidad: EEUU requiere visado J-1 o H-1B con patrocinio de la universidad, tramite que UCLA hace de rutina pero que alarga meses el calendario. El valor de la fila es el canal y el gancho personal: es un grupo pequeno que contrata por convocatoria abierta en UCLA Recruit y que responde bien al contacto directo. Esfuerzo de candidatura tipico en EEUU: CV, research statement, tres cartas de referencia y a menudo un ejemplo de codigo o de analisis, es decir dias de trabajo real, no horas. Salario publicado en el rango USD 69.073-82.836.	HIGH	Postdoc de genetica estadistica en una universidad estadounidense de primer nivel, con candidaturas internacionales y sin restriccion de nacionalidad.	M	UNVERIFIED	2026-09-07	2026-09-07	2026-09-07	NEW	En Q1 2028, con fecha de defensa fijada, escribir al Young Lab de UCLA (via la pagina del grupo) ofreciendo su combo MD+PhD y su experiencia en GWAS/PRS, y vigilar UCLA Recruit por si reabre la plaza.	NEW	https://jobrxiv.org/?post_type=job_listing&p=117072	Rama 5 (buzon y novedad), barrido de jobRxiv (SRC-0035) el 2026-09-07. Solo se leyo la ficha agregada de jobRxiv, que declara el anuncio caducado; no se abrio ninguna pagina de UCLA, por eso UNVERIFIED y por eso el nombre del PI no se afirma.
P-0022	Clinical Research Associate (farmacogenomica clinica)	University of Alberta	Department of Psychiatry, Faculty of Medicine & Dentistry	no nombrado en el anuncio	Edmonton	Canada	Research & Research Support (hibrido)	1 ano inicial	no publicado en EUR; CAD 76.135-85.660 al ano segun el anuncio	no publicado	OPEN	no publicado	no publicado		Gestion de proyectos de farmacogenomica clinica, diseno de estudios, analisis de datos y preparacion de publicaciones	2	Puesto de apoyo a la investigacion de 1 ano en farmacogenomica clinica en Canada, con inicio inmediato imposible para ella (residencia hasta el 22-05-2027), visado con patrocinio necesario y contenido alejado de GWAS/PRS: se registra solo para no redescubrirlo y para dejar mapeado el canal del Department of Psychiatry de la Universidad de Alberta.	UNKNOWN	Sin datos publicados sobre numero de candidaturas ni sobre restricciones de residencia en Canada.	S	UNVERIFIED	2026-09-14	2026-09-07	2026-09-28	UNCHANGED	Intento unico al portal Oracle de la Universidad de Alberta: la pagina carga solo la cabecera 'University of Alberta Careers' sin contenido (renderizado por JavaScript), asi que no es verificable con fetch. Anotar como bloqueo permanente de ese portal y, si interesa la plaza, confirmarla por el tablon de la ISPG o por correo al departamento.	NEW	https://iaejup.fa.ocs.oraclecloud.com/hcmUI/CandidateExperience/en/sites/UOA-Careers/job/3142/	Rama 5 (buzon y novedad), tablon de empleo de la ISPG (SRC-0030) el 2026-09-07 y reconfirmada alli el 2026-09-28: sigue publicada con el mismo salario (CAD 76.135-85.660) y sin plazo. Los datos proceden del anuncio reproducido en el tablon de la ISPG; el portal Oracle de la Universidad de Alberta sigue sin abrirse (renderizado por JavaScript), asi que Last_Verified y Confidence no se suben.
P-0023	Postdoctoral Research Fellowship in Multi-Omics at Centre for Precision Psychiatry	University of Oslo	Centre for Precision Psychiatry / NORMENT, Institute of Clinical Medicine	UNKNOWN (centro dirigido por Ole A. Andreassen)	Oslo	Norway	Postdoctoral research fellowship (stipendiat/postdoktor, contrato publico noruego)	UNKNOWN (los postdocs de UiO suelen ser de 3 anos)	UNKNOWN (escala estatal noruega; no leida en Tier 1)	UNKNOWN	CLOSED		2026-06-01		Doctorado en estadistica, genetica, informatica, medicina o psicologia; analisis multi-omico y genetico a gran escala; programacion	4	El Centre for Precision Psychiatry (NORMENT) es el grupo europeo que mejor solapa con sus lineas 1 y 2: metodos estadisticos sobre datos geneticos humanos a gran escala (GWAS, scores poligenicos, arquitectura poligenica compartida) aplicados a trastornos psiquiatricos graves, y ademas trabaja con neuroimagen, la tecnica que ella ha usado de forma supervisada en QIMR Berghofer; el combo MD + PhD en genetica estadistica es exactamente lo que estos centros clinico-genomicos valoran para hacer de puente entre fenotipado clinico y analisis. Esta convocatoria concreta YA ESTA CERRADA (plazo 2026-06-01) y, aunque siguiera abierta, ella NO seria elegible: exige doctorado y no defiende hasta feb-2028, y ademas esta atada a la residencia en Malaga hasta el 22-05-2027. Se registra por dos motivos operativos: (a) Noruega es UE/EEE, sin visado, movilidad libre; (b) el centro saca convocatorias de postdoc de forma recurrente (al menos cuatro anuncios distintos localizados en jobbnorge en 2025-2026), asi que la accion util es vigilar jobbnorge para la ronda de 2028 y, hacia 2027, escribir al responsable del area de genetica estadistica del centro con el gancho de MD + genetica estadistica de rasgos complejos y los dos manuscritos en revision. Esfuerzo real de una solicitud UiO: carta, CV, lista de publicaciones, research statement y 2-3 referencias.	HIGH	Centro de referencia internacional en genetica psiquiatrica con financiacion ERC/Novo Nordisk; convocatorias abiertas en ingles a todo el EEE	M	LIKELY	2026-09-14	2026-09-14	2026-09-14	NEW	Vigilar jobbnorge (busqueda site:jobbnorge.no 'Centre for Precision Psychiatry') cada pasada; en 2027 escribir al centro presentando perfil MD + genetica estadistica		https://www.jobbnorge.no/en/available-jobs/job/301627/postdoctoral-research-fellowship-in-multi-omics-at-centre-for-precision-psychiatry	Localizado con busqueda restringida a jobbnorge.no; la pagina de anuncio no se pudo abrir con fetch automatico (jobbnorge devuelve 404 a las rutas de listado), datos tomados de dos resultados de busqueda coincidentes: LIKELY, no VERIFIED
P-0024	Postdoc in Computational Genomics	University of Copenhagen	Novo Nordisk Foundation Center for Basic Metabolic Research (CBMR), Kilpelainen Group	Tuomas O. Kilpelainen	Copenhagen	Denmark	Postdoc	UNKNOWN	UNKNOWN (escala AC danesa, no leida en Tier 1)	2026-11-15	CLOSED	2026-06-01	No publicado en la fuente accesible; el agregador marca el anuncio como expirado		Doctorado; GWAS, scores poligenicos, metodos de imputacion y epidemiologia genetica; Python o R sobre datos a gran escala	3	Tecnicamente es su caja de herramientas exacta (GWAS, PRS, imputacion, R/Python sobre biobancos), pero el fenotipo es cardiometabolico, no psiquiatrico ni de sueno, asi que seria un giro de tema respecto a sus lineas 1-3; ademas exige doctorado defendido y arranque en nov-2026, imposible con la residencia hasta 22-05-2027 y la tesis hasta feb-2028. Se registra porque el grupo Kilpelainen en CBMR es un destino realista para 2028 en genetica estadistica de rasgos complejos y porque CBMR publica convocatorias recurrentes.	HIGH	Centro Novo Nordisk con salarios altos y visibilidad internacional en genomica de rasgos complejos	M	LIKELY	2026-09-14	2026-09-14	2026-09-14	NEW	Revisar employment.ku.dk periodicamente a partir de 2027 buscando CBMR; guardar a Kilpelainen como contacto para carta espontanea en 2027-2028		https://employment.ku.dk/faculty/?show=162794	La ficha de employment.ku.dk no renderiza el anuncio concreto al fetch automatico (devuelve la pagina generica); detalles tomados del espejo en jobrxiv.org, que marca el anuncio como expirado. Tier 2, LIKELY
P-0025	Postdoctoral Research Fellow in Statistical Genetics / Genetic Epidemiology	The University of Queensland	No confirmado (grupo de genetica estadistica / epidemiologia genetica)		Brisbane	Australia	Postdoc	No publicado en la fuente consultada			CLOSED		no publicado en la fuente consultada		Doctorado (o proximo a defensa) en genetica estadistica, epidemiologia genetica o bioestadistica; GWAS a gran escala en UK Biobank y en el Early Growth Genetics (EGG) Consortium; randomizacion mendeliana; programacion en R/Python y herramientas tipo PLINK	4	Es la descripcion mas parecida a su linea 1 y 2 que ha aparecido en tres pasadas: GWAS a gran escala en UK Biobank y randomizacion mendeliana es exactamente lo que hace con PLINK y R en su tesis de genetica estadistica, y el EGG Consortium (rasgos de crecimiento y desarrollo infantil) conecta de forma natural con su tercera linea, la genetica del sueno en lactantes. UQ es ademas su unico vinculo vivo con Australia por la estancia de tres meses en QIMR Berghofer, a 15 minutos del campus de Herston, asi que puede pedir carta de referencia alli. NO ES ELEGIBLE AHORA: sigue de residente de Medicina de Laboratorio en Malaga hasta el 22-05-2027 y no defiende hasta feb-2028, y un postdoc de este tipo exige doctorado ya concedido; la via realista es contacto ahora para el ciclo 2028. Requeriria patrocinio de visado australiano (subclase 482 o Global Talent), que UQ tramita de forma rutinaria para postdocs. El esfuerzo real de la solicitud es alto: seleccion contra criterios australianos con respuesta punto por punto, y su punto debil es la ausencia de publicaciones (dos manuscritos en revision como primera autora, ninguno aceptado). Salario y plazo no publicados en la fuente consultada; la ficha oficial en careers.uq.edu.au no se pudo abrir (bloqueo conocido).	HIGH	Grupos de genetica estadistica de UQ e IMB son referencia mundial y atraen candidaturas internacionales; ademas la plaza puede llevar tiempo abierta.	M	UNVERIFIED	2026-09-14	2026-09-14	2026-09-14	NEW	Tratarla como objetivo de contacto, no como solicitud: escribir al grupo en 2027 preguntando por vacantes con inicio en 2028. Confirmar si la plaza sigue viva: careers.uq.edu.au esta bloqueado al fetch, asi que escribir al grupo o buscar la ficha por el numero de referencia; si esta cerrada, guardar el grupo como objetivo de contacto para 2027-2028.		https://scholarshipdb.net/jobs-in-Australia/Postdoctoral-Research-Fellow-In-Statistical-Genetics-Genetic-Epidemiology-The-University-Of-Queensland=YeqPUAjM7BGUYQAlkGUTnw.html	Rama 2, 2026-09-14. Pista de nivel Tier 2 (scholarshipdb, agregador) recogida en busqueda web; no se pudo abrir la ficha oficial de UQ (careers.uq.edu.au tiene bloqueo conocido y redirige a 404). Sin fecha de publicacion ni de cierre: puede estar caducada. Registrada como UNVERIFIED y PENDING a proposito. VERIFICADO POR LA ORQUESTADORA 2026-09-14: la API publica del portal Workday de UQ (searchText=genetics) devuelve UNA sola plaza, R-68861 (PCTG, Yengo), asi que este anuncio no esta hoy en el portal oficial: o caduco o nunca fue una vacante publicada. Se conserva la fila como pista de grupo y via de contacto, no como plaza viva.
P-0026	Postdoctoral Research Fellow in Genomics and Youth Mental Health	The University of Queensland	Child Health Research Centre		Brisbane	Australia	Postdoc	No publicado en la fuente consultada			CLOSED		no publicado en la fuente consultada		Doctorado en genomica, genetica psiquiatrica, farmacogenetica o epidemiologia; analisis de datos geneticos a gran escala; interes en salud mental de jovenes	4	Cruza sus tres activos a la vez: la linea 2 (GWAS/PRS de trastornos psiquiatricos) es el nucleo del puesto, el angulo de farmacogenetica es justo lo que su residencia de Medicina de Laboratorio le da y casi ningun candidato de genetica estadistica tiene, y el foco en poblacion infantil y juvenil enlaza con su trabajo de sueno en lactantes. El combo MD+PhD es aqui una ventaja real y no decorativa: un centro de salud infantil valora que sepa leer fenotipo clinico y datos de laboratorio, no solo correr PLINK. NO ES ELEGIBLE AHORA: residencia en Malaga hasta el 22-05-2027 y tesis sin defender hasta feb-2028; el puesto pide doctorado concedido. Necesitaria patrocinio de visado australiano. El trabajo de solicitud es medio-alto (criterios de seleccion australianos punto por punto) y su talon de Aquiles sigue siendo la falta de publicaciones aceptadas. Sin PI nombrado ni salario en la fuente consultada, asi que el gancho de contacto hay que construirlo tras identificar al responsable del grupo en el Child Health Research Centre; el gancho natural es su estancia previa en QIMR Berghofer mas los dos manuscritos en revision (Journal of Sleep Research y Nature Mental Health).	UNKNOWN	Sin datos: no se pudo abrir la ficha oficial ni conocer el numero de candidaturas o la antiguedad del anuncio.	M	UNVERIFIED	2026-09-14	2026-09-14	2026-09-14	NEW	Tratarla como objetivo de contacto, no como solicitud: escribir al grupo en 2027 preguntando por vacantes con inicio en 2028. Identificar al PI del Child Health Research Centre que lleva genomica y salud mental juvenil y confirmar si la plaza sigue abierta; si esta cerrada, mantener el grupo en la lista de contacto directo para 2027-2028.		https://www.uq.edu.au/childhealthresearchcentre/	Rama 2, 2026-09-14. Pista Tier 2 aparecida en busqueda web junto con la otra plaza de UQ; no se pudo abrir ninguna ficha oficial (careers.uq.edu.au bloqueado). La URL registrada es la del centro, no la del anuncio, para no inventar un enlace de vacante. UNVERIFIED. VERIFICADO POR LA ORQUESTADORA 2026-09-14: la API publica del portal Workday de UQ (searchText=genetics) devuelve UNA sola plaza, R-68861 (PCTG, Yengo), asi que este anuncio no esta hoy en el portal oficial: o caduco o nunca fue una vacante publicada. Se conserva la fila como pista de grupo y via de contacto, no como plaza viva.
P-0027	Research Fellow (Genetic Analysis)	University College London	Department of Neurodegenerative Disease	Andre Altmann y David Cash	Londres	United Kingdom	Postdoc	12 meses (01-09-2026 a 31-08-2027)	53200	2026-09-01	CLOSED	2026-09-08	2026-10-04		Doctorado concedido (o previsto antes de incorporarse; si no, contrato como Research Assistant grado 6B); analisis genetico y bioinformatico con programacion avanzada en Python, R y Bash; analisis caso-control y de fenotipos cuantitativos; deseable neurodegeneracion y estadistica	2	Metodologicamente encaja (analisis caso-control y fenotipos cuantitativos en R/Python) pero no es elegible: el contrato arranca el 01-09-2026 y termina el 31-08-2027, mientras ella sigue de residente en Malaga hasta el 22-05-2027; interesa solo como contacto de laboratorio, el grupo de Altmann combina genetica y neuroimagen, que es su estancia en QIMR.	UNKNOWN	Sin datos publicados sobre numero de candidaturas.	S	VERIFIED	2026-09-21	2026-09-14	2026-09-21	CLOSED	Si aun interesara (Fit 2), que ella compruebe a mano el portal propio de UCL: el anuncio se ha retirado antes del plazo publicado y eso suele significar plaza cubierta o convocatoria suspendida		https://www.jobs.ac.uk/job/DSW126/research-fellow-genetic-analysis	Re-verificado el 2026-09-21: la URL DSW126 de jobs.ac.uk ya no muestra la ficha ('The job you're looking for is no longer being advertised') y redirige al listado general. CONFLICTO declarado: el plazo publicado era el 2026-10-04, dos semanas por delante, asi que el anuncio se ha retirado antes de tiempo; no se ha verificado en el portal propio de UCL.
P-0028	Bioinformatician	King's College London	Medical & Molecular Genetics		Londres	United Kingdom	Staff cientifico	No leido	53100-58800 aprox (GBP 46189-51174 incl. London Weighting)		CLOSED	2026-09-03	2026-09-23		Perfil de bioinformatica en genetica medica y molecular; no se abrio la ficha individual, criterios sin leer	2	Es un puesto de plantilla bioinformatica, no de investigacion propia, y con plazo el 23-09-2026, muy anterior a su disponibilidad (22-05-2027): se registra solo para no redescubrirlo y porque confirma que Medical & Molecular Genetics de KCL contrata con regularidad.	UNKNOWN	Sin datos.	S	LIKELY	2026-09-21	2026-09-14	2026-09-28	CLOSED	No solicitar. Vigilar el departamento Medical & Molecular Genetics de KCL en pasadas futuras.		https://www.jobs.ac.uk/job/DSU830/bioinformatician	Re-verificado el 2026-09-21 por DOS ramas y con una discrepancia de confianza que se deja escrita en vez de resolverse en silencio. Rama 2 abrio la ficha DSU830 de jobs.ac.uk (Tier 2): sigue abierta, cierre 2026-09-23, publicada el 2026-09-03 por Medical & Molecular Genetics de KCL, salario GBP 46.189-51.174 con London Weighting, y aparece ademas bajo la palabra clave 'polygenic'. Rama 3 vio en el buscador propio de KCL (Tier 1) un Bioinformatician (oferta 157045, Faculty of Life Sciences & Medicine, Guy's Hospital) con la MISMA fecha de cierre, casi con seguridad la misma plaza, pero no abrio la ficha individual. Se fija Confidence = LIKELY (dos fuentes independientes coinciden) y no VERIFIED, porque nadie llego a leer la ficha Tier 1 completa. | Cerrada el 2026-09-28 por vencimiento del plazo publicado (2026-09-23), ya contrastado en una pasada anterior; no se ha vuelto a abrir la ficha, asi que Last_Verified no se toca.
P-0029	Postdoctoral Research Fellow/Research Fellow in Statistical Genomics (R-68861)	University of Queensland	Institute for Molecular Bioscience (IMB) - entorno de genomica estadistica de Loic Yengo	Prof. Loic Yengo	Brisbane (St Lucia Campus)	Australia	Postdoc (Academic Level A) o Research Fellow (Level B), fixed-term	hasta 2,5 anos, contrato temporal a tiempo completo	A$106.293,57-113.659,72 (Nivel Academico A) o A$119.462,94-141.545,09 (Nivel B) + 17% de superannuation; cifras en dolares australianos, sin conversion a euros		OPEN	2026-09-11	2026-10-12		Doctorado en genetica estadistica, genetica cuantitativa, biologia computacional, estadistica, ciencia de datos o disciplina muy proxima. Plaza ofertada a Nivel A o B segun trayectoria; pensada para quien quiera montar programa propio y dirigir laboratorio en cinco anos. Institute for Molecular Bioscience, campus St Lucia	3	Es el mejor encaje tematico del lote academico: grupo de Loic Yengo (PCTG, IMB), genetica estadistica de rasgos complejos, su linea 1, y ella ya tiene conexion con Australia por la estancia en QIMR Berghofer, lo que da contexto y referencias locales. Lo que lo baja a 3 es el reloj y el nivel: exige doctorado terminado y cierra el 12-10-2026, con su defensa en ETA febrero 2028 y la residencia hasta 22-05-2027, asi que no puede optar a esta edicion; ademas el anuncio busca a alguien que transite hacia liderar laboratorio propio en cinco anos, un escalon por encima de un primer postdoc. Salario publicado y alto (A$106.294-141.545 + 17% super) y contrato de hasta 2,5 anos. Visado: necesitaria patrocinio australiano, que UQ suele gestionar para postdocs. A quien escribir: Prof. Loic Yengo, con el gancho de la estancia en QIMR Berghofer y el manuscrito en Nature Mental Health en revision, para preguntar por plazas en 2027-2028 en lugar de por esta.	HIGH	PCTG/IMB es uno de los tres o cuatro grupos lideres mundiales en genetica estadistica; plaza anunciada globalmente y abierta tambien a nivel B	M	VERIFIED	2026-09-28	2026-09-14	2026-09-28	UPDATED	CONFLICTO DE PLAZO RESUELTO: el cierre real es lunes 12-10-2026 a las 23:00 AEST (texto del anuncio, 'Applications close Monday 12 October 2026 at 11.00pm AEST'); el endDate 2026-10-13 de Workday es la fecha en que se retira la oferta del portal, un dia despues. Deadline corregido a 2026-10-12. No es candidatura viable ahora: escribir a Loic Yengo por plazas de 2027-2028.		https://uq.wd3.myworkdayjobs.com/uqcareers/job/St-Lucia-Campus/Postdoctoral-Research-Fellow-Research-Fellow-in-Statistical-Genomics_R-68861-2	API publica de Workday de UQ (SRC-0127), Tier 1: leido el JSON de la ficha R-68861 el 2026-09-28 (startDate 2026-09-11, endDate 2026-10-13, canApply true, descripcion completa). La ficha web sigue siendo una SPA vacia.
P-0030	Research Assistant - estudio CONNECT	Cardiff University	Division of Psychological Medicine and Clinical Neurosciences, School of Medicine		Cardiff	United Kingdom	Research Assistant (Grade 5)		GBP 33951-36636 (Grade 5)		CLOSED		2026-09-25		Puesto de apoyo a la investigacion del estudio CONNECT en la sede de Cardiff; nivel pre-doctoral	2	Puesto de asistente pre-doctoral sin componente de genetica estadistica y ademas incompatible con su residencia hasta mayo de 2027; se registra solo para no redescubrirlo y como senal de que el MRC Centre de Cardiff sigue contratando.	UNKNOWN		S	VERIFIED	2026-09-21	2026-09-14	2026-09-28	CLOSED	Ninguna; descartada por nivel y por calendario		https://cardiffuniweb.eploy.net/vacancies/447/research-assistant.html	Re-verificado el 2026-09-21 en cardiffuniweb.eploy.net (vacante ID 447, Division of Psychological Medicine and Clinical Neurosciences): sigue abierta, cierra el 2026-09-25, salario Grade 5 GBP 33.951-36.636. | Cerrada el 2026-09-28 por vencimiento del plazo publicado (2026-09-25), ya contrastado en una pasada anterior; no se ha vuelto a abrir la ficha, asi que Last_Verified no se toca.
P-0031	Postdoctoral Research Associate (proyecto Youth Endowment Fund, CRIS)	King's College London	IoPPN - Department of Child & Adolescent Psychiatry	Mark Kennedy	London	United Kingdom	Postdoc (Research Associate), fixed-term	18 meses	51800-55900 aprox (GBP 45031-48607 incl. London Weighting)		CLOSED		2026-09-21		Doctorado concedido o tesis depositada en psicologia, psiquiatria, epidemiologia, estadistica, salud publica o criminologia; experiencia con historias clinicas electronicas a gran escala o cohortes longitudinales; plataforma CRIS del SLaM; regresion multivariable y analisis de supervivencia; R o Stata; publicaciones	2	Es epidemiologia de registros clinicos (CRIS/SLaM) sobre TDAH y violencia juvenil, no genetica estadistica ni GWAS/PRS, y cierra el 21-09-2026 cuando ella no esta disponible; se registra para no redescubrirlo y porque confirma que el IoPPN publica postdocs de forma continua.	UNKNOWN		S	VERIFIED	2026-09-21	2026-09-14	2026-09-28	CLOSED	Cierra HOY 2026-09-21: con Fit 2 y sin disponibilidad hasta 2027 no procede presentarse; la semana que viene ya se podra cerrar la fila		https://www.kcl.ac.uk/jobs/157565-postdoctoral-research-associate	Re-verificado el 2026-09-21 en la ficha Tier 1 de KCL (157565): sigue abierta, publicada el 2026-09-07, cierre 2026-09-21, salario GBP 45.031-48.607 incl. London Weighting | Cerrada el 2026-09-28 por vencimiento del plazo publicado (2026-09-21), ya contrastado en una pasada anterior; no se ha vuelto a abrir la ficha, asi que Last_Verified no se toca.
P-0032	Research Associate at the Human Functional Genomics Initiative	King's College London	IoPPN - Centre for Developmental Neurobiology	Jeronimo Jurado	London	United Kingdom	Postdoc (Research Associate), fixed-term	Hasta el 13-05-2028	~52000-61000 (GBP 45031-52514 incl. London Weighting)		CLOSED		2026-09-16		Doctorado en ciencias de la vida; cultivo de celulas madre humanas (hiPSC/hESC); biologia molecular y microscopia confocal; organoides neurales y scRNA-seq valorables	1	Puesto de poyata (organoides cerebrales, cultivo de iPSC) sin componente de genetica estadistica: fuera de su perfil.	UNKNOWN		S	VERIFIED	2026-09-21	2026-09-14	2026-09-21	CLOSED	Ninguna: plazo vencido el 2026-09-16 y la ficha ya no existe		https://www.kcl.ac.uk/jobs/155527-research-associate-at-the-human-functional-genomics-initiative	Re-verificado el 2026-09-21: la ficha de KCL (155527) devuelve HTTP 404, es decir retirada del portal; el plazo publicado (2026-09-16) ya habia vencido
P-0033	Postdoctoral researcher in genome stability and neurotoxicity	Erasmus MC	Wetenschap en Onderzoek		Rotterdam	Netherlands	Postdoc, 36 h/semana	3 anos	70404		CLOSED		2026-09-25		Doctorado; estabilidad del genoma y neurotoxicidad (perfil de laboratorio molecular)	1	Biologia molecular de estabilidad genomica, no epidemiologia genetica ni genetica del sueno: fuera de su perfil; se registra para no redescubrirlo.	UNKNOWN		S	VERIFIED	2026-09-21	2026-09-14	2026-09-28	CLOSED	Ninguna. Cierra el 2026-09-25 (4 dias) y ella no esta disponible hasta mediados de 2027; ademas es estabilidad del genoma y neurotoxicidad, no genetica estadistica. Se mantiene la fila solo para no redescubrirla.		https://www.werkenbijerasmusmc.nl/vacature/1307326/postdoctoral-researcher-genome-stability-and-neurotoxicity-3-years-3416	Re-verificado el 2026-09-21 en werkenbijerasmusmc.nl (Tier 1): sigue publicada. En todo el portal de Erasmus MC solo hay dos postdocs ahora mismo (este y uno de artrosis de rodilla); nada de epidemiologia genetica ni de genetica del sueno. | Cerrada el 2026-09-28 por vencimiento del plazo publicado (2026-09-25), ya contrastado en una pasada anterior; no se ha vuelto a abrir la ficha, asi que Last_Verified no se toca.
P-0034	Computational Scientist II - Karczewski Lab (ref 44894)	Broad Institute	Karczewski Lab (genomica poblacional, gnomAD)	Konrad Karczewski	Cambridge, MA	USA	Computational Scientist (staff)				CLOSED	2026-09-10			No leidos (ficha individual no abierta); perfil de cientifico computacional en genomica poblacional	2	Genomica poblacional computacional de alto nivel (entorno gnomAD): tematicamente vecino a su linea 1 pero es un puesto de staff con exigencia fuerte de ingenieria de datos y programacion que hoy no tiene, ademas de requerir visado H-1B/J-1.	HIGH	Broad Institute, laboratorio de referencia mundial en genomica poblacional	M	VERIFIED	2026-09-21	2026-09-14	2026-09-21	CLOSED	Ninguna; la ficha ha desaparecido del portal.		https://broadinstitute.avature.net/en_US/careers/JobDetail/Computational-Scientist-II-Karczewski-Lab/22501	Re-verificado el 2026-09-21: la ficha Avature .../JobDetail/Computational-Scientist-II-Karczewski-Lab/22501 devuelve HTTP 404 y la ref 44894 tampoco aparece en el listado de careers. Dos senales coincidentes: se da por cerrada.
P-0035	Postdoctoral Associate - Computational Biology (ref 44829)	Broad Institute	Haber Lab / Klarman Cell Observatory	Dr. Haber	Cambridge, MA	USA	Postdoc		aprox. 65000-86000 (convertido de USD 70.000-92.667 publicados)		OPEN	2026-09-04			Doctorado en biologia computacional, machine learning, ciencia de datos o campo cuantitativo afin; valorable experiencia con ensayos genomicos tipo RNA-seq y conocimiento de biologia pulmonar / inmunologia de mucosas; presencial en Cambridge MA	2	Postdoc de biologia computacional en el Broad sin laboratorio identificado en el listado: puede o no ser del Stanley Center, hace falta abrir la ficha antes de valorarlo de verdad.	HIGH	Broad Institute, convocatorias con competencia internacional	M	VERIFIED	2026-09-21	2026-09-14	2026-09-21	UPDATED	Abrir la ficha la proxima pasada para identificar laboratorio y requisitos; si es del Stanley Center, subir el Fit		https://broadinstitute.avature.net/en_US/careers/JobDetail/Postdoctoral-Associate-Computational-Biology/22430	Re-verificado el 2026-09-21 abriendo la ficha Avature (Tier 1): sigue publicada, sin fecha de cierre. Se anade lo que faltaba: es el Haber Lab / Klarman Cell Observatory, salario USD 70.000-92.667, publicada el 2026-09-04, presencial. Confirma el Fit bajo: el contenido es inmunologia de mucosas y biologia pulmonar, no genetica estadistica.
P-0036	Research Scientist - Maternal Sleep	King's College London	Faculty of Life Sciences & Medicine - AI & Personalised Health	Josip Car (Josip.car@kcl.ac.uk)	London (Guy's Campus)	United Kingdom	Research Scientist (duracion determinada, jornada completa)	4 anos	62000-72800 aprox (GBP 53947-63350 incl. London Weighting)	no publicado	OPEN		2026-10-19		Doctorado en fisiologia del sueno o respiratoria, epidemiologia, ingenieria biomedica o afin; experiencia postdoctoral relevante y publicaciones; ESENCIAL experiencia con medicion objetiva del sueno (PSG y/o test domiciliario de apnea); conocimiento de desenlaces maternos y perinatales; analisis longitudinal en R o Python; el puesto NO incluye actividad clinica pero admite perfil medico	2	Toca su tercera linea (sueno) y admite perfil medico, pero lo esencial es polisomnografia y desenlaces perinatales -nada de genetica- y exige experiencia postdoctoral ya hecha, mientras ella no estara disponible hasta 2027-2028.	MEDIUM	Perfil muy especifico (PSG + salud materno-perinatal) que estrecha mucho el campo, pero es Londres, 4 anos y salario alto	S	VERIFIED	2026-09-28	2026-09-21	2026-09-28	UNCHANGED	Confirmada viva en el buscador propio de KCL: ref. 158385, Faculty of Life Sciences & Medicine, campus Guy's, cierre 19-10-2026 sin cambios. Sigue siendo Fit 2, no requiere accion.		https://www.kcl.ac.uk/jobs/158385-research-scientist-maternal-sleep	Ficha Tier 1 del portal de KCL, alcanzada desde /jobs/search?term=sleep el 2026-09-21; tambien aparece listada en jobs.ac.uk
P-0037	Postdoctoral Fellow (Genetic Epidemiology and Bioinformatics)	National Institutes of Health (NIH), programa intramural	No identificado: la ficha del tablon OITE devuelve 403 al fetch automatico	no identificado	Bethesda, Maryland (por confirmar)	USA	Postdoctoral Fellow (intramural NIH)	no publicado en la fuente accesible	no publicado en la fuente accesible	verano de 2026 segun el extracto indexado (fecha ya pasada: probable anuncio caducado o renovado)	PENDING		no publicado: el anuncio del tablon OITE no muestra fecha de cierre en el extracto disponible y la ficha completa devuelve 403		Doctorado en epidemiologia genetica, genetica estadistica o bioinformatica; experiencia analizando datos omicos de alto rendimiento y puntuaciones de riesgo poligenico (PRS); programas intramurales del NIH aplican reglas de nacionalidad o visado que NO se han podido verificar en esta pasada	3	En tema es lo mas cercano a su nucleo que ha aparecido esta semana: epidemiologia genetica + PRS es exactamente su linea 1-2 y su stack real (PLINK, R, pipelines GWAS-PRS a nivel independiente), y el NIH valora el perfil MD+PhD para fenotipado clinico. Se queda en 3, no en 4, por tres condiciones sin resolver: (a) la ficha Tier 1 devuelve 403 y no he podido leer requisitos, plazo ni estipendio -el extracto indexado habla de inicio en verano de 2026, que ya paso, asi que puede estar caducado-; (b) la fecha objetivo de inicio es incompatible con su disponibilidad (mediados de 2027 sin doctorado, feb-2028 con el); (c) EE.UU. exige patrocinio de visado y el NIH intramural lo canaliza por la figura de Visiting Fellow, mientras que el programa PIRA del NIMH si exige ciudadania o residencia permanente. Si la plaza le interesa, lo accionable no es esta ficha concreta sino vigilar el tablon OITE a partir de mediados de 2027.	HIGH	Los postdocs intramurales del NIH se anuncian globalmente y compiten con candidatos estadounidenses sin friccion de visado	S	UNVERIFIED	2026-09-21	2026-09-21	2026-09-21	NEW	Que ella abra la ficha a mano en el navegador (training.nih.gov devuelve 403 a agentes) y confirme plazo, estipendio, laboratorio y regla de nacionalidad; si esta caducada, dejar el tablon OITE en seguimiento para 2027		https://www.training.nih.gov/jobs/pd-010127/	Tier 1 localizado por busqueda web restringida a dominios nih.gov; la ficha y el indice del tablon devuelven HTTP 403 al fetch automatico (un solo intento, no reintentado). Datos tomados del extracto indexado, por eso UNVERIFIED.
P-0038	Ayudante de Investigacion Postdoctoral - Unidad de Investigacion Clinica en Inmunoterapia del Cancer CNIO-HMarBCN (AIPOSCNIO-HMarBCN)	CNIO (Centro Nacional de Investigaciones Oncologicas)	Unidad de Investigacion Clinica en Inmunoterapia del Cancer CNIO-Hospital del Mar Barcelona (Programa de Investigacion Clinica)	no publicado; contacto empleo@cnio.es	Madrid	Spain	Contrato laboral por obra/proyecto de investigacion	no publicada (ligada al proyecto)	30758-35669	no publicada	CLOSED	2026-09-17	2026-09-26		Doctorado en Biomedicina/Inmunologia obtenido hace menos de 1 ano; preferible formacion sanitaria especializada (MIR/BIR/FIR) en Inmunologia; minimo 6 anos de experiencia en investigacion en inmunologia; cultivo celular, transfeccion, citometria de flujo, vectores lentivirales, modificacion de linfocitos; certificado de experimentacion animal; ingles C1	1	Inmunologia experimental humeda (vectores lentivirales, citometria, experimentacion animal) con 6 anos de experiencia exigidos y doctorado de hace menos de un ano: ni la tecnica ni el reloj encajan, y ella no estaria disponible antes de mediados de 2027.	MEDIUM	Convocatoria abierta del CNIO con perfil muy especifico (inmunologia + MIR/BIR/FIR), lo que estrecha mucho el campo	XS	VERIFIED	2026-09-21	2026-09-21	2026-09-28	CLOSED	Ninguna: se registra solo para no volver a descubrirlo. Util como prueba de que el canal del CNIO esta vivo y publica postdocs con salario.		https://www.cnio.es/empleo/ayudante-de-investigacion-postdoctoral-para-la-unidad-de-investigacion-clinica-en-inmunoterapia-del-cancer-cnio-hmarbcn-aiposcnio-hmarbcn/	Tier 1, pagina propia del CNIO (https://www.cnio.es/acerca-del-cnio/ofertas-de-empleo/), abierta sin bloqueo el 2026-09-21. Es el unico postdoc del listado del CNIO en esta pasada; el resto son predoctorales, tecnicos y administracion. | Cerrada el 2026-09-28 por vencimiento del plazo publicado (2026-09-26), ya contrastado en una pasada anterior; no se ha vuelto a abrir la ficha, asi que Last_Verified no se toca.
P-0039	Genetista en Servicio de Apoyo a la Investigacion de Farmacogenomica (ref. 98_2026)	IiSGM - Instituto de Investigacion Sanitaria Gregorio Maranon	Grupo de Farmacia Hospitalaria y Farmacogenomica	no publicado en el listado	Madrid	Spain	Contrato de servicio de apoyo a la investigacion (convocatoria del IiSGM)	no publicada en el listado	no publicado en el listado	no publicada	CLOSED	no publicada (convocatoria listada como Abierta el 2026-09-21)	2026-09-26		Grado Universitario en Genetica; trabajo de genetista en una unidad de apoyo de farmacogenomica hospitalaria	2	La farmacogenomica hospitalaria toca su especialidad de Medicina de Laboratorio, pero la convocatoria pide Grado en Genetica y ella es medica, asi que probablemente no sea elegible por titulacion; ademas cierra el 2026-09-26 y ella no esta disponible hasta mediados de 2027.	MEDIUM	Convocatoria publica de un IIS grande de Madrid con requisito de titulacion estrecho	XS	VERIFIED	2026-09-21	2026-09-21	2026-09-28	CLOSED	No presentarse ahora. Valor real: el IiSGM saca convocatorias de este tipo con regularidad y su listado se lee sin bloqueo; conviene revisarlo cada pasada y mirar si alguna admite titulacion en Medicina.		https://www.iisgm.com/ofertas-de-empleo/	Tier 1, listado propio del IiSGM leido el 2026-09-21 (tres convocatorias abiertas: 94_2026, 96_2026 y 98_2026). Fuente NUEVA para esta rama. | Cerrada el 2026-09-28 por vencimiento del plazo publicado (2026-09-26), ya contrastado en una pasada anterior; no se ha vuelto a abrir la ficha, asi que Last_Verified no se toca.
P-0040	Busqueda de candidatos con perfil postdoctoral - Area de Genomica y Genetica (contratos postdoctorales publicos)	IIS-FJD - Instituto de Investigacion Sanitaria Fundacion Jimenez Diaz	Area de Genomica y Genetica, grupo de Genetica del Desarrollo Ocular	Dra. Marta Corton	Madrid	Spain	Acogida de candidatos para solicitar contratos postdoctorales publicos (tipo Sara Borrell / Juan de la Cierva)	la del contrato publico que se consiga	no publicado (el del programa publico correspondiente)	ligada a la resolucion de la convocatoria publica	PENDING	no confirmada	sin fecha confirmada: fjd.es devuelve 403 al fetch automatico, asi que no se pudo leer la ficha; un resultado de buscador menciona un plazo de 2026-07-17 con inicio 2026-09-01 que parece ser el ciclo YA pasado, no el vigente		Doctorado en Biomedicina o disciplinas afines; interes en concurrir a convocatorias publicas de contratos postdoctorales; area de genomica y genetica	2	El mecanismo es exactamente la via espanola que le interesa (un grupo que te acoge para presentarte a un Sara Borrell), pero el grupo concreto es genetica del desarrollo ocular, no genetica estadistica ni psiquiatrica, y su doctorado no estara defendido hasta feb-2028 (ETA), fuera del ciclo actual.	UNKNOWN	No se pudo leer la ficha (403); la competencia real la marca la convocatoria publica, no el centro	S	UNVERIFIED	2026-09-21	2026-09-21	2026-09-21	NEW	Abrir a mano la pagina de ofertas del IIS-FJD (el 403 es solo contra agentes) y comprobar si el area de genomica repite la llamada para el ciclo 2027-2028; si repite, es el patron a replicar con grupos CIBERSAM que si hagan genetica psiquiatrica.		https://www.fjd.es/iis-fjd/es/formacion-empleo/ofertas-empleo	Existencia y descripcion via resultado de buscador; la ficha propia (Tier 1) devolvio HTTP 403 en un unico intento, no se reintento. Fuente NUEVA para esta rama. NUEVO BLOQUEO A REGISTRAR: fjd.es = 403.
P-0041	Postdoctor in Bioinformatics and Cancer Genetics	Goteborgs universitet (University of Gothenburg)	no publicado en el registro del portal nacional	no publicado en el registro del portal nacional	Goteborg	Sweden	Postdoktor (contrato postdoctoral sueco)	no publicado en el registro del portal nacional	no publicado	no publicado	OPEN	2026-09-10	2026-10-10		doctorado; bioinformatica y genetica del cancer	2	Bioinformatica de genetica del cancer: comparte el utillaje computacional pero ninguna de sus tres lineas (rasgos complejos, GWAS/PRS psiquiatricos, sueno) y el plazo del 10-10-2026 es incompatible con su reloj, que no la libera hasta mediados de 2027.	MEDIUM	Postdoc de bioinformatica en universidad sueca grande, anunciado en el portal publico nacional: visibilidad alta, nicho tecnico estrecho.	S	LIKELY		2026-09-28	2026-09-28	NEW	Ninguna: se registra para no volver a descubrirla en la API sueca.	NEW	https://arbetsformedlingen.se/platsbanken/annonser/31459110	API publica JobTech Dev de Platsbanken (Arbetsformedlingen, portal estatal sueco de empleo), registro estructurado del anuncio del empleador con fechas de publicacion y cierre. Ficha institucional (Varbi) no abierta, asi que no es Tier 1 leido.
P-0042	Postdoktor - modelos celulares de leucemia definidos geneticamente (TP53), Institutionen for immunologi, genetik och patologi	Uppsala universitet	Institutionen for immunologi, genetik och patologi (programa leucemia/TP53)	no nombrado en el anuncio (se cita 'PI(erna) for leukemi/TP53-programmet')	Uppsala	Sweden	Postdoktor (contrato postdoctoral sueco)	no publicado en el anuncio	no publicado	no publicado	OPEN	2026-09-09	2026-10-07		doctorado; edicion genomica CRISPR/Cas, biologia funcional del cancer, perfilado de respuesta a farmacos, imagen de alto contenido (Cell Painting) y analisis cuantitativo; 70-80% trabajo experimental de laboratorio	2	El anuncio pide 70-80% de trabajo humedo autonomo (CRISPR, lineas isogenicas, Cell Painting) y solo 20-30% de analisis: su nivel independiente es genetica estadistica, no mesa de laboratorio, y el cierre del 07-10-2026 choca de frente con su disponibilidad (mediados de 2027).	MEDIUM	Perfil hibrido humedo+computacional poco frecuente, pero anunciado en el portal estatal y en Varbi con dos semanas de ventana.	S	LIKELY		2026-09-28	2026-09-28	NEW	Ninguna: se registra para no volver a descubrirla en la API sueca.	NEW	https://arbetsformedlingen.se/platsbanken/annonser/31455640	API publica JobTech Dev (endpoint /ad/31455640): texto completo del anuncio leido desde el portal estatal sueco. Enlace de solicitud institucional https://uu.varbi.com/se/what:job/jobID:962054 no abierto, asi que no cuenta como Tier 1 verificado.
P-0043	Postdoc in Statistical Genetics - Casale Group	Human Technopole	Casale Group, Health Data Science Centre	no nombrado con nombre de pila en el anuncio: figura solo como 'Casale Group' (jefe de grupo del Health Data Science Centre)	Milan	Italy	Contrato temporal (fixed term), jornada completa	no publicada en el anuncio	hasta 43000 segun la experiencia del candidato (cifra publicada en el anuncio)	no publicada	OPEN	no publicada; el anuncio aparece entre los mas recientes de Nature Careers el 2026-09-28	2026-11-04		Doctorado (PhD). Desarrollo de metodos computacionales que conecten variacion genetica humana con funcion biologica; genetica de poblaciones a escala con datos single-cell, espaciales y multimodales; interseccion de genetica estadistica, machine learning y biologia mecanistica	3	Encaja con su linea 1 (genetica estadistica de rasgos complejos) y trabaja con genetica humana a escala poblacional, que es exactamente donde ella tiene nivel independiente (PLINK, R, pipelines GWAS-PRS). Pero el puesto esta escrito para alguien que DESARROLLA metodos en la interseccion de genetica estadistica y machine learning, integrando single-cell, datos espaciales y multimodales: ella no ha desarrollado metodos ni maneja single-cell/ML a nivel independiente (su Python es asistido por IA), asi que la candidatura exigiria reencuadrar su perfil como analista aplicada con MD, no como metodologa. Choque de calendario decisivo: el anuncio cierra el 2026-11-04 y exige doctorado, y su defensa es ETA febrero 2028, con la residencia de Medicina de Laboratorio hasta 22-05-2027; no puede optar a esta edicion, y el interes real es el grupo y la convocatoria recurrente, no esta plaza. Visado: ninguno, Italia es UE y su movilidad es libre. Salario publicado, hasta 43.000 EUR/ano, sin suelo definido por ella, razonable para postdoc en Milan. Trabajo de candidatura: carta, research statement y referencias, mas justificar el salto a metodos; realista M. A quien escribir: no hay correo en el anuncio; el gancho seria el paper de Nature Mental Health en revision (proyecto QIMR) y su combinacion MD+PhD para anclar genetica a fenotipo clinico, dirigido al Health Data Science Centre de Human Technopole.	HIGH	Instituto de nueva creacion muy financiado, plaza de metodos en genetica estadistica + IA con red ELLIS y Helmholtz Munich; el anuncio no publica numero de solicitantes, la estimacion es cualitativa	M	LIKELY	2026-09-28	2026-09-28	2026-09-28	NEW	No es candidatura de esta edicion (cierra 2026-11-04, ella no esta disponible). Vigilar la pagina de empleo propia de Human Technopole en 2027 y, si la linea interesa, escribir al grupo Casale antes de la siguiente convocatoria.	NEW	https://www.nature.com/naturecareers/job/12864992/postdoc-in-statistical-genetics-casale-group/	Nature Careers (SRC-0003), Tier 2: leido el anuncio completo el 2026-09-28 con el patron de URL valido /naturecareers/job/<id>/<slug>/. No se abrio la pagina Tier 1 de Human Technopole, de ahi Confidence LIKELY.
P-0044	GLAD-NI Research Fellow (estudio GLAD-MHG, NIHR BioResource)	Queen's University Belfast	School of Psychology, laboratorio STARC (Stress, Trauma and Related Conditions)	Prof. Cherie Armour	Belfast	United Kingdom	Fixed-Term/Contract, jornada completa	2,5 anos	42972-51270 GBP/ano (cifra publicada en libras, sin conversion)	no publicada	OPEN	2026-09-14	2026-10-05		Doctorado (obtenido o a punto de obtener) en Psicologia, Epidemiologia, Estadistica o afin; licenciatura en Psicologia o afin; gestion de proyecto; enlace de datos y confidencialidad. Ref 26/113629	2	Cohorte de psiquiatria de precision con secuenciacion completa de genoma (GLAD/NIHR BioResource), pero el puesto es de reclutamiento de participantes, gestion de encuestas psicosociales y enlace de datos, no de analisis genetico, y cierra el 2026-10-05, cuando ella sigue en residencia hasta mayo de 2027.	MEDIUM	Plaza de perfil psicologico-epidemiologico en Belfast; sin datos de solicitantes publicados	S	LIKELY	2026-09-28	2026-09-28	2026-09-28	NEW	Ninguna: plazo incompatible con su disponibilidad. Queda registrada para no redescubrirla y porque el consorcio GLAD-MHG es un objetivo a seguir (rama 3).	NEW	https://www.jobs.ac.uk/job/DSX751/glad-ni-research-fellow	jobs.ac.uk (SRC-0002), Tier 2: anuncio completo leido el 2026-09-28 en la busqueda keywords='statistical genetics' ordenada por mas reciente.
P-0045	Computational Senior Research Fellow (proyecto ERC-Synergy MUTAHOME)	Queen Mary University of London	Barts Cancer Institute (con Francis Crick Institute)	no nombrado en el anuncio	London	United Kingdom	Fixed-Term/Contract, jornada completa	no publicada	54617-60901 GBP/ano (cifra publicada en libras, sin conversion)	no publicada	OPEN	2026-09-25	2026-10-17		Cientifico senior con base solida en genetica humana y estadistica, analisis de datos genomicos y transcriptomicos, mutaciones somaticas y expansion clonal. Ref 11499	1	Es genomica somatica del cancer a nivel senior (metodos de expansion clonal, multi-omica de tejidos), ni su tema ni su antiguedad, y cierra el 2026-10-17.	HIGH	Plaza senior en un centro ERC-Synergy con el Crick; sin datos publicados	M	LIKELY	2026-09-28	2026-09-28	2026-09-28	NEW	Ninguna. Registrada solo para no redescubrirla en la busqueda 'statistical genetics' de jobs.ac.uk.	NEW	https://www.jobs.ac.uk/job/DTB231/computational-senior-research-fellow	jobs.ac.uk (SRC-0002), Tier 2, leido el 2026-09-28.
P-0046	Post-doctoral Research Associate in Machine Learning for Mental Health (proyecto PROSPECT, UKRI)	King's College London	Research Department of Biomedical Computing, Faculty of Life Sciences & Medicine (St Thomas' Hospital)	Dr Sarah Morgan (Sarah.e.morgan@kcl.ac.uk)	London	United Kingdom	Fixed-term, jornada completa	2 anos, con posible extension a 4	45031-52514 GBP/ano incluida London Weighting (cifra publicada en libras; no convertida a euros)	no publicado; entrevistas previstas noviembre 2026, por lo que el arranque sera probablemente principios de 2027	OPEN	no publicado en la pagina de la vacante	2026-10-18		Doctorado (o a punto de terminar) en informatica, ingenieria, fisica, matematicas, psiquiatria, psicologia o neurociencia; experiencia practica con datos de RM cerebral; machine learning solido en Python (scikit-learn, PyTorch, TensorFlow); publicaciones. Deseable: analisis de redes/teoria de grafos y experiencia en salud mental. Se pide CV y carta de idoneidad.	3	Encaja con su linea 2 (psiquiatria/salud mental: el proyecto PROSPECT predice la evolucion longitudinal de sintomas en psicosis) y el empleador valora explicitamente el perfil clinico -- una MD que entiende la psicopatologia y ademas programa es exactamente el hueco que suele faltar en un equipo de biomedical computing. Pero no es un 4 porque los dos requisitos ESENCIALES son precisamente sus dos puntos debiles declarados: RM cerebral 'hands-on' y machine learning fuerte en PyTorch/TensorFlow. Su neuroimagen es de nivel supervisado (formacion y estancia, no despliegue autonomo) y su Python es asistido por IA; aqui no hay genetica estadistica ni GWAS/PRS que compensen. Es un 3 con condicion que resolver: tendria que poder demostrar analisis de RM propio, no de curso. Trabajo de candidatura bajo (CV + supporting statement, sin charla ni cartas), asi que S: 1-2 dias bien invertidos, y el plazo del 18-10-2026 es holgado. Salario 45.031-52.514 GBP con London Weighting, muy por encima de un sueldo de residente y sin suelo salarial que incumplir. Visado: Reino Unido ya no es UE, necesita Skilled Worker; KCL patrocina de forma rutinaria en grado Research Associate, asi que es friccion administrativa, no bloqueo. CHOQUE DE CALENDARIO, y es el problema real: con entrevistas en noviembre de 2026 el puesto arranca a principios de 2027, y ella no esta libre hasta el 22-05-2027 (fin de residencia) y hasta febrero de 2028 (ETA) para plazas que exijan doctorado ya defendido -- y esta lo exige o casi. Solo tiene sentido presentarse si Sarah Morgan acepta un inicio muy diferido; ese es el primer correo, breve, preguntando por la flexibilidad de la fecha de inicio antes de escribir la carta.	HIGH	Postdoc de ML en salud mental en KCL, financiado por UKRI, en Londres y con salario publicado: atrae a la cantera muy numerosa de doctores en ML/neuroimagen del Reino Unido, que cumplen los esenciales de fabrica.	S	VERIFIED	2026-09-28	2026-09-28	2026-09-28	NEW	Antes de escribir nada, un correo corto a Sarah.e.morgan@kcl.ac.uk preguntando si el inicio admite diferirse mas alla de mayo de 2027; si la respuesta es no, archivar sin gastar la candidatura.	NEW	https://www.kcl.ac.uk/jobs/159026-post-doctoral-research-associate-in-machine-learning-for-mental-health	Tier 1: buscador propio de KCL (https://www.kcl.ac.uk/jobs/search?term=...) y despues la pagina oficial de la vacante, abiertas las dos en esta pasada.
P-0047	Research Associate in MND Genetics	King's College London	UK MND Research Institute, Department of Basic and Clinical Neuroscience, IoPPN (Denmark Hill)	Prof. Ammar Al-Chalabi (ammar.al-chalabi@kcl.ac.uk)	London	United Kingdom	Fixed-term, jornada completa (35 h/semana)	hasta el 31 de marzo de 2028	45031-52514 GBP/ano incluida London Weighting (cifra publicada en libras; no convertida a euros)	no publicado	OPEN	no publicado en la pagina de la vacante	2026-10-05		Doctorado en bioinformatica o genetica; conocimiento actualizado de pipelines NGS y analisis de datos de secuenciacion de ADN a gran escala; Unix/Linux y programacion (Python, Java, Bash, Perl o R); identificacion de marcadores genomicos de enfermedad; publicaciones. Deseable: genetica estadistica y machine learning.	2	Es genetica en el IoPPN, pero los esenciales son pipelines NGS y secuenciacion a gran escala -- que ella no maneja -- y la genetica estadistica que si domina figura solo como deseable; ademas el contrato termina el 31-03-2028, un mes despues de su defensa prevista, asi que el calendario lo hace materialmente imposible.	HIGH	Plaza de bioinformatica de secuenciacion en un instituto de referencia en ELA con salario publicado en Londres.	S	VERIFIED	2026-09-28	2026-09-28	2026-09-28	NEW	No presentarse. Queda registrada para no volver a descubrirla y como prueba de que el grupo de Al-Chalabi contrata en genetica: si reabre una plaza de genetica estadistica con plazo en 2027-2028, ese si es su perfil.	NEW	https://www.kcl.ac.uk/jobs/159106-research-associate-in-mnd-genetics	Tier 1: buscador propio de KCL filtrado por IoPPN y por 'statistical genetics', y despues la pagina oficial de la vacante.
P-0048	Clinical Research Fellow (IoPPN)	King's College London	Institute of Psychiatry, Psychology & Neuroscience (IoPPN)	no identificado: solo se leyo la ficha del listado, no la pagina completa de la vacante	London	United Kingdom	no leido (Clinical Research Fellow, categoria clinica)	no leido	no leido	no leido	OPEN	no publicado en el listado	2026-10-07		no leidos: la ficha del buscador da titulo, referencia 158285, facultad IoPPN y fecha de cierre, pero no se abrio la pagina completa por presupuesto	2	Plaza clinica del IoPPN (ref. 158285) distinta de las ya registradas P-0016 y P-0018; cierra el 07-10-2026, imposible con la residencia hasta el 22-05-2027, y no se pudo leer el contenido para saber si toca genetica psiquiatrica.	UNKNOWN	No se abrio la vacante completa.	S	LIKELY	2026-09-28	2026-09-28	2026-09-28	NEW	Registrada para no redescubrirla. Si interesa el detalle, abrir la pagina a mano; el plazo la descarta de todos modos.	NEW	https://www.kcl.ac.uk/jobs/158285-clinical-research-fellow	Tier 1 parcial: vista en el buscador propio de KCL filtrado por IoPPN (titulo, referencia, facultad y fecha de cierre). No se abrio la pagina de la vacante.
P-0049	Research Officer/Senior Research Officer - Cardiovascular Disease Prevention Group (ref. BV000085)	QIMR Berghofer Medical Research Institute	Cardiovascular Disease Prevention Group	Dr Ellie Paige, Team Head (ellie.paige@qimrb.edu.au)	Brisbane	Australia	Fixed-term, jornada completa (se considera parcial)	hasta el 30 de junio de 2028	98983-132583 AUD/ano mas superannuation y salary packaging (cifra publicada en dolares australianos; no convertida a euros)	no publicado	OPEN	no publicado en la pagina de la vacante	2026-10-09		Doctorado en epidemiologia, salud publica, medicina, bioestadistica o ciencia de datos; MINIMO 3 anos de experiencia postdoctoral analizando datos sanitarios enlazados a gran escala; Stata, R o SAS. Exige ciudadania australiana, residencia permanente o permiso de trabajo valido: NO se ofrece patrocinio.	2	Es epidemiologia de prevencion cardiovascular con datos enlazados, no genetica, pide un minimo de 3 anos postdoctorales que ella no tendra y ademas exige permiso de trabajo previo sin patrocinio, lo que la excluye formalmente como no residente.	MEDIUM	Rango salarial alto y plaza de dos anos y medio, pero restringida de hecho al mercado australiano por el requisito de permiso de trabajo.	S	VERIFIED	2026-09-28	2026-09-28	2026-09-28	NEW	No presentarse. Registrada sobre todo por el dato reutilizable: QIMR Berghofer publica 'work eligibility' sin patrocinio, asi que toda plaza suya hay que leerla asumiendo que el visado corre por su cuenta.	NEW	https://qimrberghofer.turborecruit.com.au/job/job_details.cfm?id=582956	Tier 1: listado completo de vacantes de qimrberghofer.turborecruit.com.au y despues la ficha oficial de la vacante.
P-0050	Postdoctoral Position in Genetic Epidemiology of Alzheimer Disease	Boston University School of Medicine	Biomedical Genetics division, Department of Medicine	Lindsay Farrer (farrer@bu.edu, tel. 617-638-5393)	Boston (MA)	USA	Postdoc de investigacion	no publicado en el anuncio	no publicado	inmediato posible, pero el anuncio dice literalmente que hay fechas de inicio posteriores disponibles ('later start dates are available')	OPEN	2026-06-17	sin plazo: el anuncio dice 'the position will remain open until filled'		PhD (o estar en proceso de completarlo — el anuncio admite explicitamente 'in the process of completing a PhD or equivalent'); campos preferentes epidemiologia genetica, bioestadistica/estadistica, bioinformatica, genetica humana, matematica aplicada; analisis de datos de alto rendimiento (GWAS, exome chip arrays, genome/exome/RNA sequencing, resecuenciacion dirigida de genes) para el Alzheimer Disease Genetics Consortium y el Alzheimer Disease Sequencing Project; programacion en R u otro software estadistico y experiencia con grandes conjuntos de datos, a indicar en la carta; ciudadania o residencia permanente en EE. UU. 'preferable but not required'; candidatura = carta + CV + TRES cartas de recomendacion por email	4	Es el mejor hallazgo de la rama esta semana y lo es por una razon de calendario, no solo de tema. Contenido: GWAS y secuenciacion de exoma/genoma sobre cohortes grandes (ADGC, ADSP) es su linea 1 (genetica estadistica de rasgos complejos) ejecutada con su pipeline real — PLINK/R sobre datos de biobanco — y el entorno declarado (varios epidemiologos geneticos a nivel de facultad, programas de formacion en genetica estadistica y bioinformatica, un Statistical Genetics Working Group de toda la universidad, cluster MGHPCC) es formacion metodologica, que es lo que le falta para dar el salto de tesis a independencia. El combo MD+PhD juega a favor: es una division de Biomedical Genetics dentro de una facultad de medicina trabajando una enfermedad con fenotipado clinico, donde una medica que sabe leer una historia clinica y correr un GWAS vale mas que un bioinformatico puro. CALENDARIO, el punto decisivo: dos de los tres candados habituales caen. El anuncio acepta doctorandos en proceso de terminar ('in the process of completing a PhD'), asi que su defensa prevista en febrero de 2028 (ETA, no fijada) no la descalifica de entrada; y dice expresamente que admite fechas de inicio posteriores y que la plaza queda abierta hasta cubrirse, lo que es compatible con su disponibilidad real a partir del 22-05-2027 (fin de residencia). No puntua 5 por dos motivos honestos: la plaza se publico el 17-06-2026 y 'abierta hasta cubrirse' a mas de tres meses puede significar que ya este cubierta sin que el tablon lo retire, y el desfase entre 'puede empezar ya' y 'yo estoy libre en 18-20 meses' es largo incluso para un PI flexible. Trabajo de candidatura: carta + CV + TRES cartas de recomendacion. Las cartas son el cuello de botella real (hay que pedirlas con semanas de margen a la direccion de tesis en Murcia, a QIMR Berghofer y al grupo de Japon), pero no hay plazo que presione, asi que se puede preparar con calma. Retribucion: no publicada; los postdocs de BU siguen escala NIH, sin suelo declarado por ella, asi que no es un filtro. Visado: EE. UU. exige patrocinio (J-1 o H-1B); el anuncio dice que la ciudadania o residencia estadounidense es 'preferible pero no requerida', lo que es lo mas cerca de una invitacion explicita a extranjeras que se ve en un anuncio americano — no es un bloqueo, es una linea a mencionar en la carta. A QUIEN ESCRIBIR Y CON QUE GANCHO: Dr. Lindsay Farrer (farrer@bu.edu), que es quien recibe las candidaturas directamente, sin portal intermedio. Gancho: MD (Complutense 2019) + tesis en genetica estadistica de rasgos complejos con GWAS/PRS propios en PLINK y R, dos manuscritos como primera autora en revision (uno en Nature Mental Health, del proyecto QIMR Berghofer), y disponibilidad a partir de mediados de 2027 — preguntar de frente si la plaza admite un inicio en 2027 o si conviene volver a escribir en otono de 2026, que convierte un 'demasiado pronto' en un contacto vivo en lugar de una candidatura perdida.	HIGH	Razonado, no medido: grupo de referencia mundial en genetica del Alzheimer, PI con peso en ADGC y ADSP, plaza sin plazo y abierta hasta cubrirse (premia al que llega antes y con cartas listas), y candidatura por email directo, lo que atrae mucho volumen espontaneo.	S	LIKELY	2026-09-28	2026-09-28	2026-09-28	NEW	Escribir a farrer@bu.edu preguntando (a) si la plaza sigue viva a septiembre de 2026 y (b) si una fecha de inicio en el segundo semestre de 2027, con defensa prevista en febrero de 2028, entra en lo que consideran. Pedir ya las tres cartas de recomendacion en paralelo, porque son el unico elemento que no se puede improvisar.	NEW	https://iges.memberclicks.net/assets/Postdoc%20position%20at%20Boston%20University-June2026.pdf	Rama 5 (novedad), encargo IGES Position Openings (SRC-0155) del 2026-09-28. El anuncio es un PDF con membrete de Biomedical Genetics, Department of Medicine, Boston University School of Medicine (72 East Concord Street) alojado por la IGES: documento de la institucion, leido integro por mi. NO se abrio ninguna pagina en bumc.bu.edu, asi que la vigencia a fecha de hoy no esta confirmada en un dominio de BU: de ahi Confidence LIKELY y no VERIFIED. Fecha de publicacion 2026-06-17 tomada del sello del tablon de la IGES.
P-0051	Postdoctoral Research Scientist en genomica estadistica y psiquiatria (Center for Precision Psychiatry)	Columbia University	Department of Biostatistics y Stavros Niarchos Foundation Center for Precision Psychiatry	Iuliana Ionita-Laza	Nueva York (NY)	USA	Postdoc de investigacion	no publicado	no publicado; el anuncio solo dice 'competitive'	no publicado	ROLLING	2026-04-25	sin fecha de cierre: el anuncio no publica plazo alguno		PhD en estadistica, bioestadistica o ciencias de la computacion; fuertes habilidades de programacion; formacion en genetica descrita como deseable pero opcional; investigacion metodologica y aplicada en la interseccion de la genomica estadistica y la psiquiatria, con metodos estadisticos y de aprendizaje automatico integrativos sobre datos omicos e historias clinicas electronicas aplicados a rasgos psiquiatricos; candidatura por email con carta, CV y dos referencias	3	Tema: es exactamente el cruce de sus lineas 1 y 2 (metodos de genomica estadistica aplicados a rasgos psiquiatricos), y el uso de historias clinicas electronicas como fenotipo es donde su titulo de medicina deja de ser un adorno y se convierte en ventaja tecnica: sabe que significa un codigo diagnostico y donde miente. Es rolling y sin plazo, lo que en principio encaja con una disponibilidad lejana. Por que 3 y no 4: el requisito esta escrito para una candidata de metodos pura — 'PhD in statistics, biostatistics, or computer science', con la genetica marcada como deseable-opcional, que es el reparto inverso al suyo. Su doctorado esta en un programa de Psicologia (Universidad de Murcia) y su fuerza es la genetica estadistica aplicada con PLINK y R, con Python asistido por IA; en un departamento de Bioestadistica de Columbia compite contra gente que desarrolla el metodo y lo implementa en C++. Necesita reencuadre: presentarse como la persona que aporta el fenotipo clinico y la genetica, no el estimador nuevo. Ademas el reloj no se ha resuelto, solo se ha diferido: PhD requerido (febrero de 2028, ETA) y no esta libre hasta el 22-05-2027, sobre una plaza publicada en abril de 2026 y sin plazo, que es la clase de puesto que se cubre cuando aparece el candidato adecuado, no cuando ella este lista. Trabajo de candidatura: bajo — carta, CV y dos nombres de referencia por email, sin portal. Retribucion 'competitive' sin cifra; sin suelo fijado por ella no es un filtro. Visado: EE. UU. exige patrocinio (J-1/H-1B) y el anuncio no dice nada al respecto. A quien escribir: Dra. Iuliana Ionita-Laza, que recibe las candidaturas directamente. El email figura en el anuncio pero venia ofuscado en la copia recuperada, asi que hay que tomarlo de la ficha del Department of Biostatistics de Columbia y no inventarlo. Gancho util: MD + genetica estadistica de trastornos psiquiatricos y un manuscrito en revision en Nature Mental Health, ofreciendose para la parte de fenotipado con historias clinicas; y preguntar si mantienen la busqueda abierta de cara a 2027-2028.	HIGH	Razonado, no medido: Columbia, centro financiado por la Stavros Niarchos Foundation, requisito de perfil metodologico puro y candidatura por email sin plazo — el flujo espontaneo de doctores en bioestadistica hacia este tipo de plaza es alto.	XS	LIKELY		2026-09-28	2026-09-28	NEW	Escribir a la PI (email en la ficha del Department of Biostatistics de Columbia; NO usar una direccion adivinada) preguntando si la busqueda sigue viva y si aceptarian candidaturas con defensa prevista en 2028. Si responde, reencuadrar la carta hacia fenotipado clinico + genetica, no hacia desarrollo de metodos.	NEW	https://iges.memberclicks.net/postdoc-may2026-columbiauniversity	Rama 5 (novedad), encargo IGES Position Openings (SRC-0155) del 2026-09-28. Ficha reproducida integra en el tablon de la IGES (texto suministrado por la institucion, Tier 2 en cuanto a alojamiento); no se abrio ninguna pagina de columbia.edu, luego sin Last_Verified. Fecha de publicacion 2026-04-25 segun el sello del tablon.
P-0052	Postdoctoral Research Fellow en genomica y multi-omica de trastornos mentales graves	University of Bonn	grupo participante en el Psychiatric Genomics Consortium (no nombrado en la ficha del tablon)	no nombrado; contacto administrativo publicado: Grace Lutter (graced@email.unc.edu), coordinacion del PGC	Bonn	Germany	Postdoc	3 anos	no publicado en la ficha del tablon	no publicado	OPEN	no publicado: el tablon PGC Careers no sella la fecha de alta de sus entradas	2026-10-15		PhD en un campo computacional o con experiencia demostrada en genetica; analisis de datos genomicos, transcriptomicos y lipidomicos a gran escala en trastornos mentales graves; Python y R; contrato de tres anos con margen para desarrollar linea propia junto a la colaborativa	3	Contenido: linea 2 del perfil casi literal — genomica de trastornos mentales graves en un grupo del PGC, que es la red donde vive el GWAS psiquiatrico mundial, y con Python y R como herramientas declaradas (R es su lengua materna analitica; Python lo usa asistido). Alemania es UE: cero friccion de visado o permiso de trabajo para ella, y una entrada en un grupo del PGC es capital de red que se cobra durante una decada. La capa lipidomica es lo unico realmente ajeno a su formacion. Por que NO puede puntuar mas alto: el reloj. Exige PhD ya defendido y su defensa esta prevista en febrero de 2028 (ETA, no fijada), asi que a 15-10-2026 es formalmente INELEGIBLE; y ni siquiera esta disponible antes del 22-05-2027 por la residencia de Medicina de Laboratorio en Malaga. Un contrato de tres anos que se convoca con cierre en octubre de 2026 arranca en 2027 como muy tarde: no hay forma honesta de encajarla en esta edicion. La fila existe por el grupo, no por la plaza. Trabajo de candidatura: irrelevante esta vez, porque no se va a presentar. Lo que si merece trabajo es identificar en la ficha completa de LinkedIn de que grupo de Bonn se trata (el Institute of Human Genetics de Bonn es el nodo PGC habitual) y anotar al PI real para escribirle en 2027. A quien escribir: de momento el unico contacto publicado es administrativo (coordinacion del PGC en UNC), que no es la puerta util. Hay que abrir la ficha de LinkedIn para sacar el nombre del grupo antes de gastar un correo.	HIGH	Razonado, no medido: plaza de tres anos en un grupo del PGC anunciada a traves del tablon de la propia red y de LinkedIn, con plazo corto — concentra candidaturas de toda la red en cuatro semanas.	XS	UNVERIFIED		2026-09-28	2026-09-28	NEW	NO presentarse: inelegible (PhD sin defender) e indisponible (residencia hasta el 22-05-2027). Abrir la ficha de LinkedIn una sola vez para identificar el grupo y el PI de Bonn, anotarlo como via de contacto para 2027-2028, y dejar la fila como registro para no redescubrirla.	NEW	https://www.linkedin.com/jobs/view/4466098370/	Rama 5 (novedad), PGC Careers (SRC-0157) el 2026-09-28: unica entrada viva de la tabla. Datos tomados de la tabla del PGC, que es Tier 2 y no sella fechas de alta; la ficha original (LinkedIn) no se abrio, de ahi Confidence UNVERIFIED y ningun Last_Verified.
P-0053	Research Associates in Statistical Genetics (2 plazas)	University of Leicester	Genetic Epidemiology Group	Martin Tobin (martin.tobin@leicester.ac.uk), Catherine John (catherine.john@leicester.ac.uk), Richard Packer (richard.packer@leicester.ac.uk)	Leicester	United Kingdom	Research Associate, temporal	2 anos iniciales	no publicado en el anuncio recuperado	no publicado	CLOSED	2026-03-26	2026-04-12		PhD (o a punto de completarlo) en genetica estadistica, epidemiologia genetica o campo afin, declarado ESENCIAL; experiencia con conjuntos de datos genomicos a gran escala; solidas habilidades computacionales y de programacion; trayectoria de productividad investigadora; se valora experiencia con plataformas de biobanco o historias clinicas electronicas	3	La plaza esta CERRADA (plazo 12-04-2026, cinco meses antes de esta pasada) y se registra por lo que queda vivo de ella, no por la vacante. Contenido: 'Research Associate in Statistical Genetics' en el Genetic Epidemiology Group de Leicester es el titulo exacto de su linea 1, con el detalle relevante de que el anuncio aceptaba PhD 'or near completion' y valoraba expresamente biobancos e historias clinicas electronicas — las dos cosas que su combinacion MD + tesis en genetica estadistica aporta juntas. Reino Unido exige ahora patrocinio de visado Skilled Worker incluso para ciudadanas UE, coste y tramite que hay que anotar pero que una universidad britanica tramita de rutina. Lo que hace que esta fila valga su sitio son TRES nombres con correo institucional publicado en el anuncio, en un grupo cuya rotacion de plazas es regular: Martin Tobin, Catherine John y Richard Packer. Es la via de contacto en frio mejor documentada que ha salido en toda la pasada. Trabajo: escribir un correo, no preparar una candidatura. Gancho: preguntar si el grupo preve nuevas plazas de Research Associate en 2027, presentandose como MD con pipeline GWAS/PRS propio (PLINK, R) y disponibilidad a partir de mediados de 2027, y pedir que la tengan en cuenta cuando se reabra. Un 'avisame cuando salga' de un grupo asi vale mas que tres candidaturas ciegas a plazas ya publicadas.	UNKNOWN	No se publico numero de candidaturas y la plaza ya esta resuelta; sin base para estimar.	XS	LIKELY		2026-09-28	2026-09-28	NEW	Correo en frio a Catherine John y Richard Packer (con copia a Martin Tobin) preguntando por futuras plazas de Research Associate en genetica estadistica en 2027 y ofreciendo CV. No hay nada que solicitar: el plazo cerro el 12-04-2026.	NEW	https://jobs.le.ac.uk/vacancies/13082/research-associate-2-posts-available.html	Rama 5 (novedad), encargo IGES Position Openings (SRC-0155) del 2026-09-28: el tablon la sigue listando en la seccion de plazas actuales aunque el plazo cerro el 12-04-2026, dato a tener en cuenta sobre la frescura de esa seccion. Texto del anuncio leido en la ficha alojada por la IGES; no se abrio jobs.le.ac.uk, luego sin Last_Verified.
P-0054	Postdoctoral Fellow in Integrative Molecular Epidemiology	Lunenfeld-Tanenbaum Research Institute (Sinai Health)	no nombrado en la ficha	no nombrado en la ficha del tablon	Toronto	Canada	Postdoc	no publicado	no publicado	no publicado	OPEN	2026-03-13	no publicado en el tablon		epidemiologia molecular integrativa; detalle no extraido (no se abrio el PDF del anuncio)	2	Epidemiologia molecular integrativa en Canada, adyacente pero no sobre sus lineas (no es genetica estadistica ni GWAS/PRS), publicada en marzo de 2026 y sin plazo ni PI publicados, con visado canadiense y una indisponibilidad suya hasta mediados de 2027: se registra fechada para no volver a descubrirla.	UNKNOWN	Sin datos publicados.	S	UNVERIFIED		2026-09-28	2026-09-28	NEW	Ninguna. Fila de registro: solo abrir el PDF si en 2027 sigue listada y las lineas de genetica estadistica no dan nada.	NEW	https://iges.memberclicks.net/assets/Lunenfeld-Tanenbaum_Research_Institute-post_doc_job%20posting_2603.pdf	Rama 5 (novedad), IGES Position Openings (SRC-0155) el 2026-09-28. Fecha de publicacion 2026-03-13 tomada del sello del tablon; el PDF del anuncio no se abrio (presupuesto), de ahi UNVERIFIED.
P-0055	Bioinformatician / Computational Biology	Medizincampus Davos	no nombrado en la ficha	no nombrado en la ficha del tablon	Davos	Switzerland	Puesto de personal cientifico (bioinformatica)	no publicado	no publicado	no publicado	OPEN	2026-01-07	no publicado en el tablon		bioinformatica / biologia computacional; detalle no extraido (no se abrio la ficha)	2	Puesto de bioinformatica en Suiza publicado en enero de 2026 (el mas antiguo de la seccion 'actuales' del tablon IGES, con riesgo alto de estar ya cubierto), sin PI ni plazo publicados y con un perfil de bioinformatica de servicio que no es su linea ni aprovecha el MD: se registra fechado para cerrar el encargo y no redescubrirlo.	UNKNOWN	Sin datos publicados.	S	UNVERIFIED		2026-09-28	2026-09-28	NEW	Ninguna. Fila de registro.	NEW	https://iges.memberclicks.net/bioinformatician-switzerland-jan2026	Rama 5 (novedad), IGES Position Openings (SRC-0155) el 2026-09-28. Fecha de publicacion 2026-01-07 tomada del sello del tablon; ficha no abierta, de ahi UNVERIFIED.
