ID	Source	Category	URL	What_It_Surfaces	Query_or_Filter	Cadence	Priority	Last_Checked	Notes
SRC-0001	EURAXESS	POSTDOCS	https://euraxess.ec.europa.eu/jobs/search	EU-wide researcher job portal (R2 postdoc filter)	"research field: genetics/statistics OR neuroscience OR psychiatry; country: all EU/EEA; keywords ""statistical genetics"", ""GWAS"", ""polygenic risk score"", ""psychiatric genetics"", ""sleep genetics"""	weekly	HIGH	2026-09-21	afinada tras definir el perfil, 2026-08-23
SRC-0002	jobs.ac.uk	POSTDOCS	https://www.jobs.ac.uk	UK and international academic vacancies	"subject: Biological Sciences / Psychology; keywords ""statistical genetics"", ""psychiatric genetics"", ""GWAS"", ""PRS"", ""behavioural genetics"", ""sleep"""	weekly	HIGH	2026-09-21	afinada tras definir el perfil, 2026-08-23
SRC-0003	Nature Careers	POSTDOCS	https://www.nature.com/naturecareers	Academic and industry research jobs worldwide	"keywords ""statistical genetics"", ""GWAS"", ""polygenic risk score"", ""psychiatric genetics"", ""behavioural genetics"", ""sleep genetics""; all countries"	weekly	HIGH	2026-09-14	afinada tras definir el perfil, 2026-08-23
SRC-0004	Science Careers	POSTDOCS	https://jobs.sciencecareers.org	AAAS job board, academia and industry	"keywords ""statistical genetics"", ""psychiatric genetics"", ""GWAS"", ""PRS"", ""computational genetics"""	weekly	MEDIUM	2026-09-07	afinada tras definir el perfil, 2026-08-23
SRC-0005	Academic Positions	POSTDOCS	https://academicpositions.com	European academic vacancies by field	"field: Genetics / Neuroscience / Psychology; keywords ""statistical genetics"", ""psychiatric genetics"", ""GWAS"", ""PRS"""	weekly	MEDIUM	2026-09-14	afinada tras definir el perfil, 2026-08-23
SRC-0006	FindAPostDoc	POSTDOCS	https://www.findapostdoc.com	Postdoc listings, mostly UK/EU	"keywords ""statistical genetics"", ""psychiatric genetics"", ""GWAS"", ""PRS"", ""sleep genetics"", ""behavioural genetics"""	weekly	MEDIUM	2026-09-14	afinada tras definir el perfil, 2026-08-23
SRC-0007	AcademicTransfer	POSTDOCS	https://www.academictransfer.com	Dutch universities and institutes	"keywords ""statistical genetics"", ""genetic epidemiology"", ""sleep genetics"" — the Netherlands is a hub for both (Erasmus MC, VU Netherlands Twin Register)"	weekly	MEDIUM	2026-09-21	afinada tras definir el perfil, 2026-08-23
SRC-0008	ResearchGate Jobs	POSTDOCS	https://www.researchgate.net/jobs	Academic job listings	"keywords ""statistical genetics"", ""psychiatric genetics"", ""GWAS"", ""PRS"", ""behavioural genetics"""	weekly	LOW		afinada tras definir el perfil, 2026-08-23
SRC-0009	LinkedIn Jobs	JOBS	https://www.linkedin.com/jobs	Industry, pharma, medical affairs, science roles	"titles: ""statistical geneticist"", ""computational genetics"", ""genetic epidemiologist"", ""medical science liaison"", ""medical writer"", ""science communication officer""; countries: EU/EEA, Australia, USA, UK and other English-speaking, remote included"	weekly	MEDIUM		afinada tras definir el perfil, 2026-08-23
SRC-0010	BioSpace	JOBS	https://www.biospace.com/jobs	Pharma and biotech industry jobs	"keywords ""statistical genetics"", ""computational biology"", ""genomics"", ""clinical genetics""; companies of interest: 23andMe, Invitae, Color Health, Genomics England, Regeneron Genetics Center, Illumina, deCODE genetics"	weekly	MEDIUM		afinada tras definir el perfil, 2026-08-23
SRC-0011	MSCA Postdoctoral Fellowships	FELLOWSHIPS	https://marie-sklodowska-curie-actions.ec.europa.eu	EU flagship postdoc fellowship, annual call (watch mobility rule)	annual call page + open calendar; verify mobility rule against her Spain/Australia/Japan last-3-years residence	monthly	HIGH	2026-09-21	afinada tras definir el perfil, 2026-08-23
SRC-0012	EMBO Fellowships	FELLOWSHIPS	https://www.embo.org/funding/fellowships-grants-and-career-support/	Postdoctoral fellowships (rolling) and core facility fellowships	rolling; check eligibility window against Feb 2028 (ETA) defense date	monthly	HIGH	2026-08-24	afinada tras definir el perfil, 2026-08-23
SRC-0013	HFSP Fellowships	FELLOWSHIPS	https://www.hfsp.org	Human Frontier Science Program postdoc fellowships, annual	annual call page; cross-disciplinary angle (genetics + neuroscience) is a good fit	monthly	MEDIUM	2026-08-24	afinada tras definir el perfil, 2026-08-23
SRC-0014	la Caixa doctorado/posdoctorado	FELLOWSHIPS	https://fundacionlacaixa.org	Junior Leader postdoc fellowships (Spain/Portugal hosts)	Junior Leader Incoming/Retaining calls; Spain is home base, keep in play	monthly	MEDIUM	2026-08-23	afinada tras definir el perfil, 2026-08-23
SRC-0015	ISCIII convocatorias	FELLOWSHIPS	https://www.isciii.es	Sara Borrell, Miguel Servet, Rio Hortega: contratos de investigacion en salud pensados para MD-PhD	Sara Borrell y Rio Hortega (postdoc temprano); Miguel Servet (mas senior, vigilar plazo); España sigue en juego	monthly	MEDIUM	2026-08-24	afinada tras definir el perfil, 2026-08-23. BLOQUEO CONOCIDO: las paginas HTML de isciii.es dan 503, pero los endpoints de PDF de las convocatorias SI descargan (ver SRC-0056). Espejo alternativo: SRC-0085 (IIS Aragon). Disparador canonico de la AES: el extracto del BOE de la segunda quincena de diciembre (SRC-0086).
SRC-0016	AEI convocatorias RRHH	FELLOWSHIPS	https://www.aei.gob.es	Juan de la Cierva, Ramon y Cajal (España)	Juan de la Cierva Formación/Incorporación y Ramón y Cajal; España sigue en juego	monthly	MEDIUM	2026-08-23	afinada tras definir el perfil, 2026-08-23
SRC-0017	Humboldt Foundation	FELLOWSHIPS	https://www.humboldt-foundation.de	Incoming fellowships to Germany (rolling)	Alemania esta en juego (UE/EEE sin exclusiones); rolling postdoc fellowships	monthly	MEDIUM	2026-08-23	afinada tras definir el perfil, 2026-08-23
SRC-0018	Wellcome Early-Career Awards	FELLOWSHIPS	https://wellcome.org/grant-funding	Early-career awards, UK-hosted (health-related research)	Reino Unido esta en juego (angloparlante YES); relevante por los hubs de genetica psiquiatrica (King's, Cardiff, Edinburgh)	monthly	MEDIUM	2026-08-31	afinada tras definir el perfil, 2026-08-23. BLOQUEO CONFIRMADO 2026-08-24: wellcome.org devuelve 403 al rastreo automatico en dos pasadas seguidas, tambien en su pagina de plazos. No gastar mas llamadas aqui: usar el espejo SRC-0083 (CATCH). Ademas, desde el 29-10-2026 solo admite centros de acogida en Reino Unido y paises de renta baja/media: Espana nunca ha sido elegible. | 2026-08-31: no reintentado (403 conocido). El conflicto entre el 10-11-2026 y el 16-11-2026 sigue abierto; el 16 aparece como plazo INTERNO en Oxford y en un PDF de UCT, lo que refuerza que el 10 es el del financiador, pero no se ha leido en Tier 1.
SRC-0019	FENS	GROUPS	https://www.fens.org	European neuroscience: job board, training, grants, FENS Forum	jobs + training + kavli network; keywords behavioural/cognitive neuroscience	weekly	HIGH	2026-08-23	afinada tras definir el perfil, 2026-08-23
SRC-0020	IBRO	EVENTS	https://ibro.org	Global neuroscience grants, schools and events	schools and grants relevant to behavioural/cognitive neuroscience and to her Japan-stay skill set (electrophysiology/optogenetics)	monthly	MEDIUM	2026-08-31	afinada tras definir el perfil, 2026-08-23 | 2026-08-31: https://ibro.org/fellowships/ devuelve HTTP 404. La vista con fechas es el calendario de convocatorias, fichado aparte en esta misma pasada. IBRO no financia salarios postdoctorales.
SRC-0021	SfN	EVENTS	https://www.sfn.org	Society for Neuroscience: annual meeting (abstract windows) and NeuroJobs	meeting dates + neurojobs	monthly	MEDIUM	2026-09-07	afinada tras definir el perfil, 2026-08-23
SRC-0022	CAJAL training programme	TRAINING	https://cajal-training.org	Advanced hands-on neuroscience courses (Bordeaux/Lisbon)	open calls	monthly	MEDIUM	2026-09-07	afinada tras definir el perfil, 2026-08-23
SRC-0023	EMBO Courses & Workshops	TRAINING	https://www.embo.org/events	Practical courses and workshops in life sciences	"keywords ""statistical genetics"", ""GWAS"", ""PRS"", ""sleep"", ""electrophysiology"""	monthly	LOW	2026-09-07	afinada tras definir el perfil, 2026-08-23
SRC-0024	CSHL Meetings & Courses	TRAINING	https://meetings.cshl.edu	Cold Spring Harbor courses and meetings	"keywords ""statistical genetics"", ""genomics"", ""computational neuroscience"""	monthly	LOW	2026-09-07	afinada tras definir el perfil, 2026-08-23
SRC-0025	ERC funded projects	GROUPS	https://erc.europa.eu	Fresh ERC awards = PIs with money to hire; project lists by panel	panel LS2 (Genetics, Genomics, Bioinformatics) and LS5 (Neuroscience/Neurology/Psychiatry)	monthly	MEDIUM	2026-09-21	afinada tras definir el perfil, 2026-08-23
SRC-0026	World Congress of Psychiatric Genetics (WCPG)	EVENTS	https://worldcongressofpsychiatricgenetics.org	Central annual venue for GWAS/PRS psychiatric genetics: dates, abstract deadline, travel awards	abstract deadline + travel award programme	monthly	HIGH	2026-09-07	añadida tras definir el perfil, 2026-08-23
SRC-0027	Psychiatric Genomics Consortium (PGC)	GROUPS	https://pgc.unc.edu	Working-group membership and activity map for GWAS/PRS psychiatric genetics; occasional analyst/training openings	working group pages by disorder; new working-group calls	monthly	HIGH	2026-09-21	añadida tras definir el perfil, 2026-08-23
SRC-0028	Boletín Oficial del Estado (BOE) — especialidad de Genética	JOBS	https://www.boe.es	Real decreto y desarrollo de la via transitoria de la especialidad de Genetica Medica y de Laboratorio	"buscar ""Genética Médica y de Laboratorio"", ""vía transitoria"", ""real decreto especialidad"""	weekly	HIGH	2026-09-21	añadida tras definir el perfil, 2026-08-23; carril B, primera clase
SRC-0029	Bolsas/oposiciones de Genética por Comunidad Autónoma	JOBS	[TODO: una URL por CCAA — servicio de salud de cada comunidad]	Convocatorias de facultativo especialista en Genética/Análisis Clínicos por CCAA (bolsa de empleo, oposición o concurso: mecanismo distinto por comunidad)	revisar cada portal de salud autonómico por separado; empezar por Andalucía (SAS, dado el destino de la residencia en Málaga) y ampliar	monthly	HIGH	2026-08-23	añadida tras definir el perfil, 2026-08-23; carril B, primera clase — URLs por CCAA pendientes de completar en la primera pasada
SRC-0030	ISPG Job Postings (International Society of Psychiatric Genetics)	POSTDOCS	https://ispg.net/resources/job-postings/	Tablon de la sociedad para puestos de genetica psiquiatrica en todo el mundo: postdocs, staff scientists, clinical research associates. Poco volumen y mucha senal para sus lineas 1 y 2.	Leer la pagina entera: solo lista un punado de anuncios cada vez. Contrastar cada uno con los agregadores que ya cubren las otras ramas.	weekly	HIGH	2026-09-21	Se obtiene sin bloqueos, con el texto completo del anuncio, salario y plazos. La sociedad (WCPG) ya es SRC-0026, pero su tablon de empleo no estaba. Es el mejor canal de novedad hallado en esta pasada: produjo la unica plaza verificada de la semana (MPI Nijmegen).
SRC-0031	Sleep Research Society - Trainee Job Board	POSTDOCS	https://sleepresearchsociety.org/jobs/	Puestos postdoctorales y de inicio de carrera en sueno y ritmos circadianos, mayoritariamente en EE. UU. Muestra la fecha de publicacion, asi que la novedad es facil de juzgar.	Revisar fechas de publicacion; conservar solo lo de menos de ~14 dias y filtrar por genetica, genomica, epidemiologia o analisis de cohortes.	biweekly	MEDIUM	2026-09-21	Se obtiene sin bloqueos y es gratuito para quien busca empleo. Muy centrado en EE. UU., asi que casi todo exige visado. El sueno es su tercera linea, de ahi quincenal y no semanal. El 2026-08-23 habia 7 anuncios vivos, ninguno de genetica.
SRC-0032	Behavior Genetics Association - job listings	POSTDOCS	https://bga.org/	Postdocs de genetica del comportamiento y estadistica (disenos de gemelos, GWAS, cohortes longitudinales), su linea 1; incluye el laboratorio CTG de la VU de Amsterdam.	Navegar la categoria de empleo/anuncios; si el modulo de listados sale vacio, buscar site:bga.org jobs.	weekly	HIGH	2026-08-23	BLOQUEO 2026-08-23: la pagina del modulo de listados no devuelve contenido al fetch automatico y bga.org/category/jobs/ da HTTP 403. No gastar presupuesto en redescubrirlo: abrir en navegador o seguir la cuenta de LinkedIn de la BGA. Filtro tematico mas fino que el de EURAXESS para sus lineas 1 y 3.
SRC-0033	European Sleep Research Society (ESRS) - Job Board	POSTDOCS	https://esrs.eu/job-board/	Vacantes europeas de medicina e investigacion del sueno; el equivalente europeo del tablon de la SRS y por tanto sin problema de visado para ella.	No determinado: la pagina no se pudo leer en esta pasada.	biweekly	MEDIUM	2026-08-23	BLOQUEO 2026-08-23: HTTP 403 al fetch automatico, intentado una sola vez segun la regla de jerarquia de fuentes. No reintentar cada semana. Alternativa: suscribirse al boletin de la ESRS para que los anuncios lleguen por correo.
SRC-0034	European Society of Human Genetics (ESHG) - Job Offers	JOBS	https://www.eshg.org/home	Vacantes europeas de genetica academica y clinica o de laboratorio: interesa a la vez a su carril investigador y a su carril de Laboratorio Clinico / Genetica Medica, combinacion que casi ningun tablon cubre.	Navegar desde la pagina de inicio hasta Job Offers; los enlaces profundos son inestables.	biweekly	MEDIUM	2026-09-07	URL INESTABLE 2026-08-23: eshg.org/36.0.html devuelve 404 y el host alternativo indexado 7.eshg.org no resuelve (fallo DNS). El tablon existe pero hay que reencontrar el punto de entrada a mano desde la home. Potencialmente valioso para su carril de genetica clinica.
SRC-0035	jobRxiv	POSTDOCS	https://jobrxiv.org/	Tablon de empleo de ciencias de la vida donde los propios PI publican las vacantes de su laboratorio; suele traer contacto nominal con el anuncio.	Buscar 'statistical genetics', 'GWAS', 'polygenic'.	biweekly	LOW	2026-09-21	Poco volumen, publicado por PI, lo que encaja mejor con la estrategia de contacto especulativo que los tablones grandes.
SRC-0036	HigherEdJobs	POSTDOCS	https://www.higheredjobs.com/search/advanced_action.cfm?Keyword=polygenic	Vacantes postdoctorales y de personal investigador en universidades de EE. UU., incluidas facultades de medicina que no siempre replican en Nature Careers.	Palabras clave 'polygenic', 'statistical genetics', 'psychiatric genetics'; tipo postdoc; orden por mas reciente.	biweekly	MEDIUM	2026-09-14	BLOQUEO PARCIAL 2026-08-23: el intento devolvio cuerpo vacio (no un 403); el formulario de busqueda parece requerir POST. Puede necesitar navegador. Valor bajo hasta 2027 por los plazos de visado en EE. UU.
SRC-0037	QIMR Berghofer - vacantes (portal TurboRecruit)	POSTDOCS	https://qimrberghofer.turborecruit.com.au/	Todas las vacantes de QIMR Berghofer, incluidas las del programa Mental Health & Neuroscience (Research Officer, postdoc, bioestadistica). Es su via de contacto real: hizo alli una estancia de ~3 meses.	No hace falta palabra clave: la lista de todo el instituto es corta (2 vacantes el 2026-08-23). Leerla entera y filtrar a ojo por 'Research Officer', 'Postdoctoral', 'Biostatistician', 'Mental Health'.	weekly	HIGH	2026-09-07	CAMBIO DE DOMINIO importante: qimrberghofer.edu.au redirige (301) a qimrb.edu.au. Ir directamente a la URL de TurboRecruit y saltarse ambos. La vista de lista NO muestra fechas de cierre ni division: hay que abrir cada job_details.cfm?id= para eso.
SRC-0038	Cardiff University - busqueda de vacantes (portal eploy)	POSTDOCS	https://cardiffuniweb.eploy.net/vacancies/vacancy-search-results.aspx?culture=en-GB	Todas las vacantes de Cardiff, incluida la School of Medicine / Division of Psychological Medicine and Clinical Neurosciences, que alberga el MRC Centre for Neuropsychiatric Genetics and Genomics.	Filtrar por Job Group = Research y revisar la columna Division buscando 'Psychological Medicine & Clinical Neurosciences'. Son 3 paginas y la division se ve en linea, asi que no hace falta busqueda por palabra clave.	weekly	HIGH	2026-09-21	NOTA DE BLOQUEO que ahorra presupuesto: cardiff.ac.uk/jobs/search devuelve HTTP 403 al fetch automatico, no reintentarlo; jobs.cardiff.ac.uk redirige (302) aqui. Usar directamente esta URL de eploy. En esta pasada solo se leyo la pagina 1 de 3.
SRC-0039	King's College London - busqueda de vacantes (IoPPN / SGDP Centre)	POSTDOCS	https://www.kcl.ac.uk/jobs/search	Las ~106 vacantes de KCL con filtro por facultad 'Psychiatry, Psychology & Neuroscience': la via a los puestos de Research Associate/Fellow del SGDP Centre y a los puestos de clinico-investigador del IoPPN, que encajan con su titulo de medicina.	Filtro: job category = Research, facultad = Institute of Psychiatry, Psychology & Neuroscience; ordenar por fecha de apertura. El listado muestra titulo, facultad, campus y fecha de cierre, pero NO el salario.	weekly	HIGH	2026-09-21	jobs.kcl.ac.uk redirige (301) a kcl.ac.uk/jobs y /jobs/search-jobs?keywords= es un 404: solo funciona /jobs/search. Los anuncios individuales viven en /jobs/{id}-{slug}.
SRC-0040	Broad Institute - portal de empleo (Avature)	POSTDOCS	https://broadinstitute.avature.net/careers	Todas las vacantes del Broad, incluidas las de computational scientist y postdoc del Stanley Center for Psychiatric Research (laboratorio McCarroll y otros).	Busqueda por palabra clave en el segmento de ruta, p. ej. /careers/SearchJobs/genetics; probar tambien 'Stanley', 'psychiatric', 'statistical genetics', 'postdoctoral'. Filtros: Job Family (Research), Job Type.	fortnightly	HIGH	2026-09-14	La vista de resultados solo da titulo y fecha de publicacion: ni cierre, ni salario, ni URL por anuncio; hay que abrir cada uno. Los puestos del Stanley Center NO se etiquetan 'Stanley Center' sino por laboratorio (p. ej. 'McCarroll Lab'), asi que buscar solo 'Stanley' los pierde.
SRC-0041	deCODE genetics - portal de empleo (50skills)	POSTDOCS	https://jobs.50skills.com/decode/is/	Vacantes de genetica estadistica, biologia computacional, bioinformatica y ciencia de datos de deCODE en Reikiavik.	Recorrer la lista completa: deCODE tiene ~200 personas y la lista es corta. No se han identificado parametros de consulta utiles en la URL.	monthly	MEDIUM	2026-09-14	BLOQUEO: la pagina de 50skills se renderiza con JavaScript y al fetch automatico solo devolvio la cabecera '50skills Careers', cero anuncios extraibles. Hay que abrirla en navegador; el punto de entrada humano es decode.com/careers/. deCODE es empresa (filial de Amgen), asi que son puestos de I+D industrial, no postdocs academicos, pero siguen siendo su carril 1 (investigacion en cualquier entorno).
SRC-0042	Vrije Universiteit Amsterdam - vacantes	POSTDOCS	https://workingat.vu.nl/vacancies	Vacantes de la VU, incluida la Faculty of Behavioural and Movement Sciences / Biological Psychology, sede del Netherlands Twin Register (genetica del comportamiento y de rasgos complejos).	Filtrar por 'Area of expertise = Researcher / Postdoc' y facultad Behavioural and Movement Sciences. No se veia caja de texto libre.	fortnightly	MEDIUM	2026-09-07	Comprobado el 2026-08-23: los unicos postdocs abiertos eran de Economia/Empresa y Sociologia, nada de genetica del comportamiento ni del Netherlands Twin Register. Los listados muestran fecha de cierre pero no salario (aplica la escala UFO neerlandesa). Sin problema de visado para ella.
SRC-0043	Erasmus MC - vacantes (werkenbijerasmusmc)	POSTDOCS	https://www.werkenbijerasmusmc.nl/vacatures	Vacantes del Erasmus MC; en principio la via a los puestos de epidemiologia genetica de Molecular and Systems Epidemiology (Rotterdam Study).	El parametro ?q= funciona, p. ej. ?q=postdoc. Pero ver Notas: el portal esta dominado por puestos clinicos y de enfermeria.	fortnightly	MEDIUM	2026-09-14	CALLEJON PARCIAL, conviene dejarlo escrito: las vacantes de investigacion del Erasmus MC no parecen salir por este portal en neerlandes (141 vacantes, ?q=postdoc no devolvio nada academico). La proxima vez probar (a) erasmusmc.nl/en/research/groups/molecular-and-systems-epidemiology para contacto directo con el grupo y (b) AcademicTransfer (SRC-0007) filtrado a Erasmus MC. Terminos en neerlandes: 'onderzoeker', 'epidemiologie'.
SRC-0044	University of Edinburgh - jobs	POSTDOCS	https://www.ed.ac.uk/jobs	En principio los puestos de genetica psiquiatrica de Edimburgo (Centre for Genomic and Experimental Medicine, Division of Psychiatry, Generation Scotland).	Sin determinar en esta pasada: no se alcanzo ninguna busqueda publica de vacantes desde la pagina de entrada.	fortnightly	MEDIUM	2026-09-14	BLOQUEO / SIN RESOLVER 2026-08-23: jobs.ed.ac.uk redirige (301) a ed.ac.uk/jobs, y esa pagina solo expone el portal Oracle Cloud INTERNO de movilidad (elxw.fa.em3.oraclecloud.com, solo personal actual). No se encontro la URL publica de busqueda. La proxima vez: buscar la URL externa de Oracle CX (patron .../hcmUI/CandidateExperience/en/sites/CX_1/requisitions) o tirar de jobs.ac.uk (SRC-0002) filtrado a Edimburgo.
SRC-0045	Aarhus University - vacant positions	POSTDOCS	https://international.au.dk/about/profile/vacant-positions	Postdocs del NCRR, iPSYCH y el Center for Quantitative Genetics and Genomics: el grupo mas denso de contratacion en genetica psiquiatrica y estadistica hallado en la UE en esta pasada.	Buscar 'genetics', 'epidemiology'.	monthly	HIGH	2026-09-07	BLOQUEO: international.au.dk devuelve HTTP 403 al fetch automatico (probadas las dos paginas de empleo). Los mismos puestos suelen replicarse en EURAXESS, que es la via practicable.
SRC-0046	EURAXESS - busqueda por facetas (no por palabra clave)	POSTDOCS	https://euraxess.ec.europa.eu/jobs/search?f%5B0%5D=job_research_profile%3A448&f%5B1%5D=offer_type%3Ajob_offer	Listados de EURAXESS acotados por perfil de investigador (R1=447, R2=448, R3=449, R4=450), tipo de oferta (job_offer / funding / hosting) y campo de investigacion (job_research_field:<id>).	f[0]=job_research_profile:448 ; f[0]=offer_type:job_offer ; sort[name]=created&sort[direction]=DESC	weekly	MEDIUM	2026-09-21	Nombres de faceta extraidos del HTML de EURAXESS en esta pasada. IMPORTANTE: la busqueda de texto libre NO funciona por fetch automatico - keywords=, search_api_fulltext= y search_text= fueron ignorados y devolvieron siempre la misma lista generica de 7.980 ofertas. Las facetas son el unico mecanismo de acotacion util para un agente. Complementa a SRC-0001 (misma URL base, consulta distinta).
SRC-0047	CNAG - portal de empleo	POSTDOCS	https://www.cnag.eu/jobs	Vacantes del centro genomico de Barcelona y, sobre todo, sus llamadas anuales de acogida de doctorandos y postdocs con financiacion propia (Juan de la Cierva, EMBO, la Caixa INPhINIT).	Abrir el indice /jobs; las llamadas de acogida aparecen entre noviembre y febrero de cada ciclo.	monthly	MEDIUM	2026-08-23	Se obtiene sin bloqueos. Poco volumen: dos puestos abiertos el 2026-08-23, ninguno relevante. El valor esta en el mecanismo de acogida, que encaja con su reloj (feb 2028) mucho mejor que una vacante asalariada.
SRC-0048	CRG - portal de seleccion	POSTDOCS	https://recruitment.crg.eu/	Puestos de postdoc y staff scientist en el instituto genomico de referencia de Espana, muchos en proyectos financiados por el ERC.	Listado de posiciones; filtrar por grupos computacionales y de genetica.	monthly	MEDIUM	2026-08-23	BLOQUEO: devuelve HTTP 403 al fetch automatico. Registrar las pistas como UNVERIFIED y que la duena abra los enlaces a mano; no gastar presupuesto en reintentos.
SRC-0049	Regeneron Careers - Genetics & Genomics	JOBS	https://careers.regeneron.com/en/genetics-and-genomics-jobs/	Vacantes continuas del Regeneron Genetics Center en genetica estadistica y genomica computacional, con banda salarial publicada.	'statistical genetics', 'computational genomics'; filtrar por nivel 0-2 anos post-doctorado; atencion a la modalidad de 4 dias presenciales en Tarrytown.	monthly	MEDIUM	2026-09-14	Empresa objetivo, no candidatura inmediata: exige doctorado defendido (feb 2028) y patrocinio de visado en EE. UU.
SRC-0050	SAS - Bolsa de Empleo (Bolsa Unica, Andalucia)	JOBS	https://www.sspa.juntadeandalucia.es/servicioandaluzdesalud/profesionales/ofertas-de-empleo/bolsa-de-empleo	Bolsa permanentemente abierta y actualizable (bolsa de seleccion + bolsa de provision/PIT) para nombramientos estatutarios temporales, incluido Facultativo Especialista de Area; baremo, cortes de meritos y alegaciones.	Categoria FEA - Analisis Clinicos / Bioquimica Clinica / Laboratorio Clinico; provincia Malaga y resto de Andalucia; revisar ademas /normativa-de-bolsa-de-empleo por cambios de baremo.	monthly	HIGH	2026-08-23	Cierra el hueco de SRC-0029 para Andalucia. Mecanismo = bolsa con baremo, sin examen. Inscripcion posible desde el 22-05-2027. Subsecciones utiles: /bolsa-de-seleccion y /bolsa-de-provision-pit.
SRC-0051	SERMAS / Comunidad de Madrid - empleo publico sanitario (sede electronica)	JOBS	https://sede.comunidad.madrid/oferta-empleo/facultativo-especialista-analisis-clinic	Ficha viva del proceso selectivo de Facultativo Especialista en Analisis Clinicos (concurso-oposicion): convocatoria en BOCM, listas de meritos, eleccion de plaza y resoluciones.	Buscar 'Facultativo Especialista' + 'Analisis Clinicos' / 'Laboratorio Clinico' / 'Genetica' en el buscador de ofertas de la sede; vigilar el BOCM para la proxima OEP.	monthly	HIGH	2026-08-23	Cierra SRC-0029 para Madrid. Mecanismo = concurso-oposicion (examen mas meritos), con ciclo largo: convocatoria dic-2021 y toma de posesion jul-2026. La categoria se sigue llamando 'Analisis Clinicos', no 'Laboratorio Clinico'.
SRC-0052	ICS - Borsa de treball (Institut Catala de la Salut)	JOBS	https://ics.gencat.cat/ca/lics/treballeu-a-lics/treball-temporal/borsa-de-treball/	Bolsa permanente de seleccion temporal del ICS; el curriculo inscrito se reutiliza para las oposiciones del propio ICS; convocatorias de trabajo temporal.	Perfils professionals -> facultatiu especialista; inscripcion en www1.ics.gencat.cat/sgrh/acces.aspx; convocatorias en /treball-temporal/convocatories-de-treball-temporal/.	monthly	MEDIUM	2026-09-21	Cierra SRC-0029 para Cataluna. Mecanismo = borsa permanente mas oposiciones que beben del mismo CV. Ojo: los hospitales concertados (p. ej. Sant Joan de Reus) convocan sus propias bolsas fuera del ICS, via CIDO (cido.diba.cat).
SRC-0053	Conselleria de Sanitat GVA - listas de empleo temporal	JOBS	https://www.san.gva.es/es/web/recursos-humans/listas-empleo-temporal	Bolsas sanitarias valencianas: inscripcion abierta 24/7, ediciones con baremo, listas de reserva, activacion y desactivacion, disponibilidad para vacantes y corta duracion.	Inscripcion en /lista-de-empleo-temporal-abierta-permanente; edicion vigente en /edicion-vigente; categoria FE Analisis Clinicos.	monthly	MEDIUM	2026-08-23	Cierra SRC-0029 para la Comunitat Valenciana. Mecanismo = listas permanentes por ediciones con baremo. Requisito especifico: acreditacion de valenciano B2 en algunos supuestos. URLs tomadas de resultados del propio dominio, no abiertas una a una (LIKELY).
SRC-0054	Servicio Murciano de Salud - bolsas de trabajo (MurciaSalud)	JOBS	https://www.murciasalud.es/empleo.php?idsec=39	Bolsas de trabajo del SMS para personal estatutario temporal (facultativos especialistas), ordenes de llamamiento, bolsas suspendidas y aportacion de meritos.	Inscripcion y gestion en sms.carm.es/sms/bolsa; llamamientos en /sms/bolsa/view/info/elegirBolsaUltimosLlamamientos.xhtml; OPE en el BORM.	monthly	MEDIUM	2026-08-23	Cierra SRC-0029 para Murcia (la universidad de su doctorado). Mecanismo = bolsa con baremo mas OPE por oposicion libre publicada en BORM. Telefono de seleccion 968 288 449.
SRC-0055	Ministerio de Sanidad - audiencia e informacion publica de proyectos normativos	JOBS	https://www.sanidad.gob.es/normativa/audiencia/home.htm	Proyectos de real decreto en tramite de audiencia publica, incluidos los de formacion sanitaria especializada: es donde apareceran los RD de Genetica Medica y de Genetica de Laboratorio antes de llegar al BOE.	Buscar 'Genetica' en proyectos abiertos y cerrados; complementar con sanidad.gob.es/normativa/ (consultas publicas previas).	weekly	HIGH	2026-09-21	Fuente de aviso temprano, un escalon antes que SRC-0028 (BOE): da semanas de margen y publica el texto con las disposiciones transitorias. Comprobado el 2026-08-23: ningun proyecto de Genetica en audiencia abierta.
SRC-0056	ISCIII - texto completo de la resolucion de convocatoria AES (PDF)	FELLOWSHIPS	https://www.isciii.es/documents/d/guest/report_aes_2026?download=true	El texto legal integro de la Accion Estrategica en Salud: ventanas exactas por actuacion (art. 7.6), requisitos por contrato (Rio Hortega art. 34, Sara Borrell art. 40, Miguel Servet art. 46, Juan Rodes art. 51), importes y cupos por centro.	Descargar el PDF cada diciembre, cuando se firma la nueva AES; extraer el texto localmente y leer los arts. 7.6, 34, 40 y 46.	annual	HIGH	2026-08-31	TIER 1 y con diferencia la fuente espanola de mas valor de esta pasada: es el documento que sostiene todo lo que sabemos de Rio Hortega. Las paginas HTML de isciii.es devuelven HTTP 503 al fetch automatico, pero esta URL de documento descarga bien. Es un PDF firmado, asi que WebFetch no puede leerlo: hay que descargar y extraer localmente (no hay pdftotext ni pdfminer en este entorno; funciono un extractor con zlib y expresiones regulares sobre los flujos FlateDecode). | 2026-08-31: el PDF de la AES 2026 (111 paginas) se extrajo LOCALMENTE con exito y de el sale la clausula de alegaciones del art. 34.2 que adelanta un ano la elegibilidad de Rio Hortega. RECETA OPERATIVA: el espejo iisaragon.es devuelve 403 a curl sin User-Agent y 200 con -A 'Mozilla/5.0 (X11; Linux x86_64)'; y pypdf necesita que se stubbeen los modulos cryptography.hazmat.* en sys.modules ANTES del import, porque 'import cryptography' provoca un PanicException de pyo3 que no se captura con try/except.
SRC-0057	HFSP - Postdoctoral Fellowships y bases anuales	FELLOWSHIPS	https://www.hfsp.org/funding/hfsp-funding/postdoctoral-fellowships	El calendario LOI / propuesta completa de las becas posdoctorales de HFSP y las bases anuales, incluida la clausula que permite presentarse sin doctorado concedido.	Revisar en febrero-marzo de cada ano para la apertura del portal de LOI; descargar las Application Guidelines del ano correspondiente.	annual	HIGH	2026-08-24	SRC-0013 apunta solo a la raiz de hfsp.org; esta es la pagina que lleva las fechas y la redaccion de elegibilidad. CONFLICTO REGISTRADO: la lectura automatica del PDF de bases del ano 2027 devolvio 'A PhD ... is required at the time of application', que contradice esta pagina web y una segunda fuente independiente. Leer las bases a mano antes de comprometerse.
SRC-0058	EMBO - elegibilidad de las Postdoctoral Fellowships	FELLOWSHIPS	https://www.embo.org/funding/fellowships-grants-and-career-support/postdoctoral-fellowships/eligibility/	Cortes de cada ronda, la regla de doctorado al empezar y no al presentar, la exigencia de un articulo de primera autora aceptado, y la regla de una sola candidata por laboratorio de acogida y ronda.	Revisar hacia marzo y hacia septiembre para los cortes; el proximo corte duro es el 22-01-2027, 14:00 CET.	biannual	HIGH	2026-08-24	SRC-0012 es el hub generico de financiacion de EMBO; esta es la pagina con el articulado. Desde las solicitudes posteriores al 22-01-2027 ya no se permite volver a presentarse: un solo intento, asi que la eleccion de ronda es deliberada.
SRC-0059	EMBO - Scientific Exchange Grants (elegibilidad)	FELLOWSHIPS	https://www.embo.org/funding/fellowships-grants-and-career-support/scientific-exchange-grants/eligibility/	Financiacion rodante de estancias cortas (hasta 3 meses) abierta a doctorandas, con la lista de paises elegibles.	No hace falta filtro: es rodante. Consultar cada vez que se identifique un laboratorio de acogida.	biannual	HIGH	2026-08-23	Distinta de las becas posdoctorales de EMBO. Australia NO es destino elegible, asi que no sirve para volver a QIMR. Quedan por abrir dos PDF con los importes reales: SEG_guidelines_for_applicants.pdf y SEG_subsistence_rates_and_travel_allowance.pdf.
SRC-0060	FENS - Careers: Grants and Stipends	FELLOWSHIPS	https://www.fens.org/careers/grants-and-stipends	Las FENS/IBRO-PERC Exchange Fellowships y otras ayudas de viaje y estancia de FENS abiertas a doctorandas.	Recorrer la lista de ayudas; la Exchange Fellowship tiene rondas fijas el 15 de abril y el 15 de octubre.	biannual	HIGH	2026-08-31	SRC-0019 apunta solo a la raiz de fens.org; esta es la subpagina accionable. Exige ser socia de una sociedad miembro de FENS (la SENC en Espana) para poder solicitar: la membresia es tarea previa, no detalle. | 2026-08-31: revisada entera. RESULTADO NEGATIVO Y ESTABLE, que ahorra presupuesto futuro: de los 17 programas listados NINGUNO financia un puesto o un salario postdoctoral; todos son viajes, escuelas, cursos o intercambios cortos. La unica entrada abierta que no es apoyo a cursos es la F-0019. Basta revisarla semestralmente.
SRC-0061	Boehringer Ingelheim Fonds - Travel Grants	FELLOWSHIPS	https://www.bifonds.de/fellowships-grants/travel-grants.html	Ayudas rodantes y mundiales de estancia corta o curso para estudiantes de medicina y de doctorado: la unica via hallada que puede financiar una estancia en Australia (QIMR).	Rodante; presentar entre 6 semanas y 6 meses antes de la salida.	as-needed	HIGH	2026-08-23	No estaba en sources.tsv en ninguna forma. Vigilar la restriccion de ambito: financia investigacion biomedica BASICA y excluye explicitamente los estudios sobre el curso de las enfermedades. La URL /how-to-apply.html devolvio 404.
SRC-0062	JSPS - International Fellowships for Research in Japan	FELLOWSHIPS	https://www.jsps.go.jp/english/e-fellow/	Las becas posdoctorales Standard y Short-term para investigadoras extranjeras en Japon, con calendario por ejercicio fiscal y bases completas.	Seguir el indice 'Application' y despues la pagina del programa Standard (e-ippan/appliguidelines.html) y la de Short-term PE (e-oubei-s/appliguidelines.html).	quarterly	HIGH	2026-08-24	El esquema mas amable con su reloj de todos los hallados: admite a quien 'expects to receive a Ph.D. by the start date'. Ojo: la solicitud la presenta el anfitrion japones, no la candidata. jsps.go.jp/english/e-fellow/postdoctoral.html devuelve 404; las rutas buenas son e-fellow/ y e-fellow/e-ippan/.
SRC-0063	BBRF - Grants and Prizes	FELLOWSHIPS	https://bbrfoundation.org/grants-prizes	Las fechas del ciclo de la Young Investigator Grant y el PDF de bases anual (el unico sitio donde aparece el texto literal de elegibilidad), mas las Independent y Distinguished Investigator.	Abrir la pagina de la Young Investigator cada enero y descargar las Application Guidelines de ese ano; el texto de elegibilidad se reedita cada ano y ha cambiado (tres solicitudes frente a dos).	annual	MEDIUM	2026-08-24	No estaba en sources.tsv. El PDF de bases derrota al fetch automatico: es un PDF de form-XObject y hay que extraerlo localmente o abrirlo en navegador. Sin restriccion de nacionalidad ni de pais de acogida, algo inusual en una fundacion estadounidense.
SRC-0064	Sleep Research Society Foundation - programas de ayudas	FELLOWSHIPS	https://sleepresearchsociety.org/foundation/	El SRSF Career Development Award y las demas ayudas de la fundacion, con convocatorias publicadas cada mayo.	Comprobar cuando salen las convocatorias (mediados de mayo) y otra vez un mes antes del plazo de agosto.	quarterly	HIGH	2026-08-24	SRC-0031 cubre el tablon de empleo para trainees de la SRS, no el lado de FINANCIACION de la Fundacion: son paginas y propositos distintos. Exige membresia activa de la SRS al solicitar.
SRC-0065	Sleep Research Society - Conference Awards	FELLOWSHIPS	https://sleepresearchsociety.org/awards/conference-awards/	Trainee Merit, Diversity Travel (hasta 2000 USD), First-Time Attendee y premios de taller para el congreso SLEEP.	Revisar entre enero y marzo cada ano.	annual	MEDIUM	2026-08-31	Las doctorandas tienen condicion de trainee. El Diversity Travel Award parece no exigir membresia, a diferencia del Trainee Merit: es el primer movimiento mas barato. | 2026-08-31: fuente clave de esta pasada, permitio pasar W-0010 a VERIFIED sorteando la SPA vacia de sleepmeeting.org. Cita util: 'More information regarding the next cycle of the Trainee Awards can be expected in January of 2027'.
SRC-0066	Sociedad Espanola de Sueno - Becas y Premios	FELLOWSHIPS	https://ses.org.es/profesionales/becas-y-premios/	Todas las becas de investigacion, ayudas de movilidad e intercambio y premios de la SES, en castellano y para trabajo hecho en Espana.	Leer las tres paginas de convocatoria enlazadas; las etiquetas 'Convocatoria abierta' del indice no son fiables, hay que mirar siempre el plazo dentro.	monthly	HIGH	2026-08-31	No estaba en sources.tsv. Con puerta de membresia, asi que tiene un plazo de maduracion medido en anos: por eso merece seguimiento ahora y no despues. | 2026-08-31: AVISO PERMANENTE, EL ROTULO DE ESTE TABLON NO ES FIABLE. Sigue marcando 'CONVOCATORIA ABIERTA' convocatorias de 2026 cuyo plazo vencio el 25-01-2026, segun el PDF de bases extraido localmente. Genero una falsa urgencia en la pasada anterior. El estado se saca SIEMPRE del PDF de bases, nunca de la etiqueta del tablon. PDF de las Becas de Investigacion 2026: https://ses.org.es/wp-content/uploads/2025/11/bases_becas_investigacion_2026-1.pdf
SRC-0067	ISPG - Early Career Investigator Program (ECIP)	FELLOWSHIPS	https://ispg.net/ecip-program/	Ayuda de viaje al WCPG mas emparejamiento con un mentor senior para investigadoras de inicio de carrera en genetica psiquiatrica.	El plazo se anuncia en la pagina del WCPG del ano, no en la del ECIP: revisar siempre las dos, entre febrero y mayo.	annual	HIGH	2026-08-24	SRC-0026 cubre el WCPG y SRC-0030 el tablon de empleo de la ISPG, pero no la linea de ayudas. Es lo unico de todo el calendario para lo que es plenamente elegible hoy: 'post-doctoral researcher, or less than five years out of a doctoral program'.
SRC-0068	ESHG - sitio del congreso anual (subdominios por ano)	EVENTS	https://2027.eshg.org/abstracts/	Plazos de resumenes y ayudas de congreso / premios de inicio de carrera del European Human Genetics Conference.	Patron: https://<ano>.eshg.org/abstracts/ y /abstracts/fellowship-information/.	annual	HIGH	2026-09-07	ESHG 2027: Roterdam, 12-15 de junio de 2027, resumenes hasta el 04-02-2027 - tres semanas despues de que acabe su residencia, el encaje de calendario mas limpio de la pasada. SRC-0034 apunta solo a la home de la sociedad, que ademas tiene el enlace de empleo roto.
SRC-0069	Instituto de Neurociencias Federico Oloriz (UGR) - Premio de Investigacion	FELLOWSHIPS	https://ineurociencias.ugr.es/instituto/noticias/premio-instituto-neurociencias-2026	Premio anual nacional de neurociencia (1250 euros) abierto a matriculadas en doctorado, basado en un articulo publicado.	Se anuncia en el hilo de noticias del instituto hacia primeros de mayo; ventana de 30 dias.	annual	MEDIUM	2026-08-24	Caso modelo de toda una clase de premios pequenos de sociedades e institutos espanoles que merece rastrear de forma sistematica en proximas pasadas.
SRC-0070	The Company of Biologists - Travelling Fellowships	FELLOWSHIPS	https://www.biologists.com/travelling-fellowships/	Hasta 3000 GBP para visitas colaborativas a laboratorios, con estudiantes de posgrado elegibles y sin restriccion de nacionalidad.	Tres rondas al ano; buscar las fechas de 2027 despues de la ronda del 23-10-2026.	quarterly	LOW	2026-08-23	El filtro de ambito de las revistas (Development / JCS / JEB) lo hace mal encaje para la genetica estadistica humana.
SRC-0071	jobRxiv y ECRcentral - directorios de ayudas de viaje	FELLOWSHIPS	https://ecrcentral.org/travel-grants/	Directorio mantenido por la comunidad de ayudas de viaje a congresos y financiacion de estancias cortas para investigadoras de inicio de carrera, con resumenes de elegibilidad.	Filtrar por disciplina y elegibilidad; tratar cada entrada como pista a verificar en la pagina del financiador.	monthly	MEDIUM	2026-08-23	Agregador Tier 2 por definicion: bueno para descubrir, nunca para fechas. Util sobre todo para rodear bloqueos como los de ESRS y BGA.
SRC-0072	EU Funding and Tenders Portal - paginas de topic MSCA	FELLOWSHIPS	https://ec.europa.eu/info/funding-tenders/opportunities/portal/screen/opportunities/topic-search	La fecha de apertura, el plazo y el estado juridicamente vinculantes de cada edicion de las MSCA Postdoctoral Fellowships, y los topics futuros del proximo Programa Marco.	Busqueda de topic 'MSCA Postdoctoral Fellowships'; filtrar estado Forthcoming y Open para detectar pronto la edicion de 2027 y la del programa sucesor.	monthly	HIGH	2026-09-07	Dominio distinto del de marie-sklodowska-curie-actions.ec.europa.eu, que ya esta en sources.tsv (SRC-0011). Hace falta porque el sitio de la MSCA publica las fechas de 2027 marcadas 'TBC' y ningun importe. El portal es una aplicacion JavaScript: un fetch simple devolvio una cascara vacia, asi que es de navegador salvo que se encuentre un espejo estatico. Su primera MSCA alcanzable es una convocatoria de 2028 bajo un programa que aun no existe, y aqui es donde se confirmara primero.
SRC-0073	AEI - Calendario previsto de convocatorias	FELLOWSHIPS	https://www.aei.gob.es/en/announcements/calendario-previsto-convocatorias-agencia-estatal-investigacion	Ventanas previstas de publicacion y presentacion de todas las convocatorias de la AEI, incluidas Juan de la Cierva y Ramon y Cajal, publicadas antes que el BOE.	Revisar cada octubre las ventanas de JDC y RYC del ano siguiente.	quarterly	HIGH	2026-08-23	BLOQUEADO: devolvio HTTP 503 dos veces el 2026-08-23 (esta pagina y las de anuncio de RYC y JDC 2026). La duena debe abrirlo en navegador. Distinta de SRC-0016, que es la raiz de aei.gob.es.
SRC-0074	DFG - Walter Benjamin Programme (bases, formulario 50.10 en)	FELLOWSHIPS	https://www.dfg.de/resource/blob/168116/50-10-en.pdf	El texto vinculante de elegibilidad e importes de la beca posdoctoral alemana rodante, incluida la definicion de fase posdoctoral temprana.	Leer una vez; revisar anualmente por si hay revisiones.	annual	MEDIUM	2026-08-23	No abierto en esta pasada; identificado como el documento Tier 1 detras de la pagina del programa. Sin techo numerico publicado de anos posdoctorales, que es lo que la hace valiosa para una fecha de defensa incierta.
SRC-0075	UKRI Funding Finder - becas del MRC	FELLOWSHIPS	https://www.ukri.org/opportunity/early-independence-career-development-fellowship/	El marco reestructurado de becas del MRC (Early Independence: Career Development Fellowship y las vias de Clinical Research Training Fellowship) con plazos y elegibilidad.	Filtrar el UKRI Funding Finder por council = MRC y tipo = fellowship.	annual	MEDIUM	2026-08-23	El MRC Career Development Award ha cambiado de nombre dentro del Fellowship Investment Framework: buscar por los nombres antiguos devuelve resultados obsoletos.
SRC-0076	NHMRC - Investigator Grants y bases anuales	FELLOWSHIPS	https://www.nhmrc.gov.au/funding/find-funding/investigator-grants	El unico esquema australiano que absorbio las antiguas becas de inicio de carrera y de desarrollo del NHMRC: fechas anuales, reglas de la categoria EL y normas de tiempo en el extranjero.	Revisar cada abril para las fechas de la ronda de junio; descargar las bases del ano.	annual	MEDIUM	2026-08-24	Las oficinas de investigacion australianas (UQ, Macquarie) replican los PDF de bases y se obtienen mas facilmente que nhmrc.gov.au.
SRC-0077	IGES - Annual Meeting & Education Workshop	EVENTS	https://www.geneticepi.org/2026-annual-meeting	Reunion anual y workshop educativo de la International Genetic Epidemiology Society: fechas, plazo de resumenes, apoyo de viaje. Publico pequeno y senior de metodologia GWAS/PRS (su linea 1).	revisar fechas y plazo de resumenes cada primavera; patron de URL por ano /<ano>-annual-meeting	anual	MEDIUM	2026-09-07	Anadida por la rutina ecosystem. En 2026 fue adyacente a ASHG en Quebec (18-20 oct).
SRC-0078	SOBP - Society of Biological Psychiatry Annual Meeting	EVENTS	https://sobp.org/	Reunion anual de psiquiatria biologica con vertiente de genetica/imaging-genetics (su linea 2). Fechas, plazo de resumenes (~nov-dic), becas de viaje.	navegar a Annual Meeting; el plazo de resumenes se anuncia a finales del ano anterior	anual	MEDIUM	2026-09-07	Anadida por la rutina ecosystem. 2027: 6-8 may, Chicago. Tarifas en USD.
SRC-0079	SLEEP (APSS) - Annual Meeting	EVENTS	https://www.sleepmeeting.org/	Mayor reunion de investigacion del sueno (AASM + SRS), con via de genetica/epidemiologia del sueno (su linea 3). Fechas, plazo de resumenes (~primeros de dic), premios de viaje para trainees.	revisar la convocatoria de resumenes a finales de cada ano	anual	LOW	2026-09-07	Anadida por la rutina ecosystem. 2027: 5-9 jun, Denver. Tarifas en USD; viaje a EE.UU. caro para una linea 3.
SRC-0080	IBG Boulder - International Statistical Genetics Workshop	TRAINING	https://www.colorado.edu/ibg/workshop-2027	El taller nuclear de su tecnica (genetica estadistica, GWAS, Genomic SEM, MR). Fechas, tarifa, plazo y becas ISCEP (Regeneron). 2027 es la edicion PRESENCIAL.	patron de URL /ibg/workshop-<ano>; tarifa/plazo suelen publicarse entre nov y ene	anual	HIGH	2026-09-07	Anadida por la rutina ecosystem. Su diana de formacion (Fit 5, competencia LOW). Contacto IBGworkshop@colorado.edu.
SRC-0081	University of Bristol - Short courses (Medical School / MRC IEU)	TRAINING	http://www.bristol.ac.uk/medical-school/short-courses-and-cpd/short-courses/	Cursos cortos online de Genetic Epidemiology, Mendelian Randomization, GWAS y PRS (sus lineas 1-2), baratos y de bajo esfuerzo.	las reservas del programa anual abren ~7-oct; revisar el indice de cursos cada otono	anual	MEDIUM	2026-09-07	Anadida por la rutina ecosystem. Tarifas en GBP; posibles vouchers de reduccion segun elegibilidad.
SRC-0082	Wellcome Connecting Science - Courses & Conferences	TRAINING	https://coursesandconferences.wellcomeconnectingscience.org/	Cursos practicos residenciales, entre ellos 'Genetic Analysis of Population-based Association Studies' (GWAS practico, su nucleo), con becas de hasta 50%.	buscar 'association studies' / 'statistical genetics' en el calendario de cursos; edicion aprox. anual/bienal	trimestral	MEDIUM	2026-09-07	Anadida por la rutina ecosystem. A 2026-08-24 solo consta la edicion de sep-2024 (cerrada); perseguir convocatoria 2027.
SRC-0083	CATCH (Universidad de Bristol) - espejo de las Wellcome Early-Career Awards	FELLOWSHIPS	https://www.catch.ac.uk/research-grants-and-awards/wellcome-early-career-awards/	El cuadro de datos de la convocatoria de Wellcome (apertura, cierre con hora, paises de acogida elegibles, duracion e importe), reproducido literalmente del texto de Wellcome.	Leer el cuadro de la convocatoria y comparar semana a semana la linea de cierre y la LISTA DE PAISES elegibles; esa lista cambia el 29-10-2026 y ese cambio altera por si solo si Espana sirve como centro de acogida.	mensual	MEDIUM	2026-08-24	Existe porque wellcome.org devuelve 403 al rastreo automatico dos pasadas seguidas, incluida su pagina de plazos. Al usar espejos universitarios hay que anotar SIEMPRE si la fecha publicada es la del financiador o la interna del centro: es justo la ambiguedad entre el 10 y el 16 de noviembre de 2026. Anadida por la rutina fellowships.
SRC-0084	JSPS - indice de bases de las becas internacionales (Open Call)	FELLOWSHIPS	https://www.jsps.go.jp/english/e-fellow/application.html	El PDF anual 'FY20XX Application Guideline' con la tabla de plazos de las dos convocatorias del programa Standard [P] y las ventanas de incorporacion.	Seccion '3. APPLICATION DEADLINES...' DENTRO del bloque 'Postdoctoral Fellowship (Standard) [P]' (el PDF repite esa seccion para [PE], [L] y [S]: anclarse al encabezado del bloque). El PDF sigue un patron de URL predecible, .../application_requirements/<ejercicio>/<ejercicio>_applicationguideline_e.pdf, asi que se puede sondear el ejercicio siguiente.	mensual	MEDIUM	2026-08-24	Lo que hay que cazar aqui es la publicacion del ejercicio FY2028, que es la convocatoria que le encaja. El PDF no se deja resumir automaticamente: extraer el texto en local. Anadida por la rutina fellowships.
SRC-0085	IIS Aragon - espejo de las resoluciones de la AES del ISCIII	FELLOWSHIPS	https://www.iisaragon.es/	Los PDF de la resolucion de la Accion Estrategica en Salud replicados a los pocos dias de publicarse, que es de donde salen Rio Hortega, Sara Borrell y Miguel Servet.	Buscar en el sitio 'AES_<ano>.pdf' bajo /wp-content/uploads/<ano>/12/, o recorrer su listado de convocatorias cada diciembre buscando 'Accion Estrategica en Salud'.	mensual	MEDIUM	2026-08-24	Rodea el 503 cronico de las paginas HTML de isciii.es. Segunda via, no primera: el disparador canonico sigue siendo el extracto del BOE de diciembre. Anadida por la rutina fellowships.
SRC-0086	BOE - extractos de convocatorias del ISCIII y de la AEI	FELLOWSHIPS	https://www.boe.es/buscar/boe.php	El anuncio oficial, el mismo dia, de la AES del ISCIII (diciembre) y de las ayudas Juan de la Cierva de la AEI (finales de octubre): las dos convocatorias cuyos dominios propios no se dejan rastrear.	"Dos busquedas semanales acotadas a los ultimos 7 dias: ""Instituto de Salud Carlos III"" ""tramitacion anticipada"" y ""Presidencia de la Agencia Estatal de Investigacion"" ""Juan de la Cierva""."	semanal	HIGH	2026-08-24	Serie verificada de la AES: BOE-B-2023-38433, BOE-B-2024-45526, BOE-B-2025-47164; el de la AES 2027 caera en la segunda quincena de diciembre de 2026. Evita depender de agregadores que esta pasada han demostrado publicar convocatorias reetiquetadas (fibao.es) o fechas sin respaldo (tesify.es). Distinto de SRC-0028, que vigila el BOE por la especialidad de Genetica. Anadida por la rutina fellowships.
SRC-0087	IBRO - Grants Calendar	FELLOWSHIPS	https://ibro.org/grants/grants-calendar/	Una sola pagina con la ventana de apertura y cierre de TODOS los programas de IBRO y su estado abierto/cerrado. Es la unica vista de IBRO con fechas: la pagina indice /grants/ lista los programas pero no publica ni un solo plazo. Con una llamada sustituye a diecisiete.	Fetch directo de la URL; leer la tabla y quedarse con las filas cuyo cierre sea posterior a hoy.	Trimestral	MEDIA	2026-08-31	Alta en la pasada del 2026-08-31 (rama 1). AVISO: https://ibro.org/fellowships/ devuelve HTTP 404; si alguna rutina la tiene guardada, sustituirla por esta. Verificado ademas que IBRO no financia salarios postdoctorales, solo viajes, cursos e intercambios cortos.
SRC-0088	BOJA - Boletin Oficial de la Junta de Andalucia	FELLOWSHIPS	https://www.juntadeandalucia.es/boja/	Extractos y resoluciones completas de las convocatorias de la Consejeria de Universidad, Investigacion e Innovacion, con fechas, numero de ayudas y presupuesto. Es a Andalucia lo que el BOE es al Estado, y Andalucia es donde ella vive y trabaja.	Buscar 'Direccion General de Planificacion de la Investigacion' + 'personal investigador doctor' en la seccion '1. Disposiciones generales'. Alternativa que ya funciono: WebSearch con allowed_domains=['juntadeandalucia.es']. Fichas directas con el patron /boja/AAAA/NNN/X.	Mensual de noviembre a febrero; trimestral el resto del ano	ALTA	2026-08-31	Alta en la pasada del 2026-08-31 (rama 2). BLOQUEO QUE ESTA FUENTE RODEA: las fichas de juntadeandalucia.es/servicios/sede/tramites/... devuelven 200 con cuerpo vacio porque se renderizan por JavaScript, tanto con WebFetch como con curl. BOJA es HTML plano y si funciona.
SRC-0089	Institutos de Investigacion Sanitaria (Navarrabiomed, IDIS) - convocatorias AES	FELLOWSHIPS	https://www.navarrabiomed.es/es/actualidad/convocatorias/	Reproducen VERBATIM los articulos de requisitos de la AES del ISCIII, con fechas de apertura y cierre en campos estructurados. Resuelven el bloqueo cronico de isciii.es (503 en HTML) sin depender de descargar y extraer PDF.	site:navarrabiomed.es OR site:idisantiago.es 'Rio Hortega' OR 'Sara Borrell' AES <ano>; o directamente el slug contratos-rio-hortega-aes-<ano>. Espejos equivalentes: idisantiago.es/convocatoria/, idisna.es/convocatorias/, idissc.org/convocatoria/	Semanal durante enero-marzo (ventana AES); mensual el resto	ALTA	2026-08-31	Alta en la pasada del 2026-08-31 (rama 2). Desbloquea las filas de mayor Fit de la base (F-0001, F-0002). ADVERTENCIA DE USO: son espejos institucionales; cuando publican un plazo hay que distinguir si es el del financiador o el interno del centro, la misma trampa ya documentada para Wellcome.
SRC-0090	Sede electronica del ISCIII - anuncios por procedimiento	FELLOWSHIPS	https://sede.isciii.gob.es/anouncements.jsp	Las fechas reales de resolucion provisional, definitiva y, sobre todo, la VENTANA EXACTA DE ALEGACIONES de cada actuacion de la AES, que es el dato que decide la elegibilidad de Rio Hortega. Es HTML plano y responde bien mientras isciii.es sigue dando 503.	El parametro type cambia por procedimiento y convocatoria (CM14, CM21, CM22, CM23, CM25...); fichas en anouncements_detail.jsp?pub=NNNNN. Para descubrir nuevas: site:sede.isciii.gob.es 'Resolucion provisional' 'Contratos Rio Hortega'	Quincenal de febrero a diciembre	ALTA	2026-08-31	Alta en la pasada del 2026-08-31 (rama 5). Es la fuente que resolvio la pregunta de las alegaciones de la AES. TRAMPA: el buscador presenta fichas antiguas como si fueran actuales (el primer resultado para 'resolucion provisional Rio Hortega' era la convocatoria de 2022); hay que leer SIEMPRE el ano dentro de la ficha, nunca fiarse del snippet.
SRC-0091	Fundacion Seneca (Region de Murcia) - catalogo de convocatorias	FELLOWSHIPS	https://fseneca.es/web/convocatorias	El catalogo anual completo de la Region de Murcia agrupado por programa, con historico desde 2005. Permite saber de un vistazo que programas estan vivos y cuales latentes: asi se detecto que Saavedra Fajardo no esta en 2026 y que la III Fulbright-Seneca si.	Abrir la pestana 'Convocatorias 2026' y la seccion 'Talento Investigador y su Empleabilidad'.	Mensual, con revision obligatoria en la primera semana de septiembre por el fin del mes inhabil	MEDIA-ALTA	2026-08-31	Alta en la pasada del 2026-08-31 (rama 2). Tiene grupo de acogida natural alli (Universidad de Murcia) y la competencia es LOW. BLOQUEO Y SOLUCION: fseneca.es devuelve 503 a WebFetch pero 200 a curl con User-Agent de navegador. La pagina del programa Saavedra Fajardo esta publicada con texto Lorem ipsum de relleno: no es un fallo de red, es que el financiador no ha escrito la descripcion.
SRC-0092	Fundacion Alicia Koplowitz - ayudas a la investigacion y a la formacion	FELLOWSHIPS	https://fundacionaliciakoplowitz.org/lineas-de-accion/ayudas-investigacion/	Las bases anuales en PDF de las ayudas a proyectos (publicadas en enero, cierre en abril) y el indice de las ayudas de formacion. Es la fundacion privada espanola que mejor encaja con su linea infanto-juvenil.	La URL del PDF es predecible: /wp-content/uploads/AAAA/MM/Bases_...; comprobar la aparicion de la carpeta del ano nuevo. Segunda pagina a vigilar: /lineas-de-accion/ayudas-formacion/	Trimestral, con pico en enero	ALTA	2026-08-31	Alta en la pasada del 2026-08-31 (rama 3). PENDIENTE: las 'Ayudas de Formacion' de la misma fundacion no estan fichadas y su pagina no enlaza bases; segun Tier 2 incluyen estancias de 6-12 meses en el extranjero, duracion a la que ya no son ayudas de viaje sino becas de verdad. Es el hueco mas prometedor que dejo abierto la rama 3.
SRC-0093	Fundacion Jose Luis Castano-SEQC / SEMEDLAB - becas y premios convocados	FELLOWSHIPS	https://www.fundacionjlc.es/becas-premios-convocados/	La via clinica completa, que estaba sin explorar. En una sola pagina aparecen simultaneamente 8 convocatorias vivas: intercambio internacional, dos ciclos IFCC, becas post-residencia, ayudas a tesis doctoral, ayudas a proyectos y becas de jornadas. Todas restringidas a socias de una sociedad de especialidad espanola: competencia estructuralmente LOW.	Es un indice: abrir la pagina y comparar la lista de slugs /becapremio-convocado/<slug>/ con la de la semana anterior.	Mensual, con revision reforzada en enero y en septiembre	ALTA	2026-08-31	Alta en la pasada del 2026-08-31 (rama 4). LA FUENTE MAS VALIOSA DE LA PASADA: de aqui salio la unica convocatoria con plazo inminente para la que hoy es elegible. BLOQUEO Y SOLUCION: WebFetch devuelve 503 en varias subpaginas; descargar con curl y extraer localmente.
SRC-0094	AEGH - blog de convocatorias	FELLOWSHIPS	https://aegh.org/blog-2/	Las cinco lineas de ayuda de la AEGH (estancia profesional, bolsas de viaje, premio joven, becas para acudir al ESHG y nominacion a la national fellowship de la ESHG), que no aparecen en ningun agregador.	Abrir el indice del blog y filtrar los titulos por Convocatoria|Beca|Premio|Bolsas.	Mensual, con revision reforzada en enero-febrero, donde se concentran casi todos los plazos	ALTA	2026-08-31	Alta en la pasada del 2026-08-31 (rama 4). LIMITACION: la AEGH no publica bases completas en PDF, solo las envia por secretaria@aegh.org, asi que no se pueden preverificar importes ni condiciones de ediciones futuras.
SRC-0095	SENC - ayudas y calendarios en PDF	FELLOWSHIPS	https://www.senc.es/ayudas-de-la-senc/	La SENC publica cada ano dos PDF-calendario (travel grants en diciembre, awards en abril) con numero de ayudas, importe, fecha de apertura y fecha de cierre en una sola tabla: el formato mas denso encontrado en toda la rama.	Extraer del HTML los href que casen con wp-content/uploads/.*(CALENDAR|Call|TRAVEL|Award).*\.pdf y quedarse con los del ano en curso; extraer el texto de los PDF LOCALMENTE, nunca via resumen automatico.	Dos veces al ano, en diciembre y en abril	MEDIA	2026-08-31	Alta en la pasada del 2026-08-31 (rama 4). Pendiente de abrir: https://www.senc.es/wp-content/uploads/2024/09/Requisitos-solicitudes-de-ayudas-y-becas-SENC.pdf, para saber si la regla de 2 anos consecutivos de antiguedad se aplica tambien a los premios o solo a las ayudas de viaje.
SRC-0096	AASM - ficha del congreso SLEEP 2027	FELLOWSHIPS	https://aasm.org/event/sleep-2027/	Logistica y calendario de SLEEP 2027 (Denver, cursos 5-6 de junio, sesion general 6-9 de junio, registro en enero de 2027). Sirve de confirmacion cruzada del ciclo de premios de becarias de la SRS.	Fetch directo; leer las fechas del congreso y la apertura de registro.	Trimestral	MEDIA	2026-08-31	Alta en la pasada del 2026-08-31 (rama 5). Rodea parcialmente el bloqueo de sleepmeeting.org, que responde 200 pero sirve una SPA vacia; la fecha de apertura de resumenes sigue sin poderse confirmar por ninguna via.
SRC-0097	MSCA - paginas oficiales de convocatoria por ano (Postdoctoral Fellowships)	FELLOWSHIPS	https://marie-sklodowska-curie-actions.ec.europa.eu/node/1496	El calendario completo de cada edicion de las MSCA Postdoctoral Fellowships (lanzamiento, plazo, notificacion, firma y arranque de proyectos) y el presupuesto, en HTML plano legible por un agente. Es la unica via hallada que publica las fechas que el Funding and Tenders Portal esconde tras JavaScript.	Una pagina por edicion: node/1495 = PF 2026, node/1496 = PF 2027 (canonical node/876). Leer el bloque de fechas y anotar siempre si llevan la marca (TBC).	quarterly	HIGH	2026-09-21	Alta en la pasada 2026-09-07 (rama 1). VERIFICADO ese dia: PF 2027 = lanzamiento 07-04-2027, plazo 08-09-2027, notificacion feb-2028, firma abr-2028, arranque may-2028, 388,57 M EUR, con TODAS las fechas marcadas (TBC). Complementa a SRC-0011, que apunta solo a la raiz del dominio, y sortea el bloqueo por JavaScript de SRC-0072. Consecuencia directa para la candidata: con defensa estimada en feb-2028 NO llega al plazo del 08-09-2027, asi que su primera MSCA-PF alcanzable es la edicion de 2028.
SRC-0098	MSCA COFUND 2027 - pagina de convocatoria	FELLOWSHIPS	https://marie-sklodowska-curie-actions.ec.europa.eu/funding/msca-cofund-2027	Las instituciones que en 2027 piden cofinanciacion para montar programas propios de becas postdoctorales. Los programas seleccionados arrancan en enero de 2028 y sacan sus primeras convocatorias de becarios en 2028-2029, justo la ventana de la candidata.	Seguir la convocatoria (lanzamiento previsto 08-12-2026, plazo 06-04-2027) y sobre todo la lista de proyectos COFUND seleccionados que deberia publicarse hacia septiembre de 2027; de ahi salen los programas a los que ella si se presenta.	quarterly	MEDIUM	2026-09-07	Alta en la pasada 2026-09-07 (rama 1). NO ABIERTA DIRECTAMENTE: las fechas vienen del resumen de una busqueda, no de una lectura de la pagina, hay que verificarlas antes de actuar. Es un canal indirecto: ella no solicita el COFUND, solicita las becas de los programas COFUND, y por eso la senal util llega con un ano de retraso sobre la convocatoria.
SRC-0099	FIMABIS / IBIMA-Plataforma BIONAND - convocatorias de empleo (portal RFGI-SSPA)	JOBS	https://www.rfgi.es/ConvocatoriasPropiasFIMABIS/es/Convocatorias/DesgloseEstadoTipoConvocatoria/FIMAB_EM	Convocatorias de empleo temporal de investigacion del instituto de investigacion sanitaria de su propio hospital en Malaga: titulado superior, investigador postdoctoral, tecnico, bioinformatica y bioestadistica	Tipo de convocatoria FIMAB_EM (Ofertas de empleo); filtrar por estado Abiertas	Semanal	HIGH	2026-09-14	Unica via oficial que enlaza ibima.eu/es/trabaja-con-nosotros. La pagina indice se abre bien pero el listado de convocatorias requiere navegar dentro del portal; no basta con un fetch de la raiz. Verificada viva el 2026-09-07.
SRC-0100	CNIO - ofertas de empleo	POSTDOCS	https://www.cnio.es/acerca-del-cnio/ofertas-de-empleo/	Ofertas del Centro Nacional de Investigaciones Oncologicas por categorias (jefes de grupo, investigadores cientificos, postdoctorales, tecnicos, unidades clinicas)	Revisar las secciones de investigadores y de titulados superiores; buscar bioinformatica y biologia computacional	Mensual	LOW	2026-09-07	Verificada el 2026-09-07: se abre sin bloqueo y lista bien las ofertas, pero el 2026-09-07 no habia ninguna de bioinformatica, genomica ni genetica estadistica (solo predoctoral, dos tecnicos de laboratorio, un titulado superior de oncohematologia pediatrica IdiPAZ-CNIO y un tecnico de gestion). Sin bolsa permanente ni autocandidatura. Rendimiento bajo para su perfil: la genetica del CNIO es oncologica, no psiquiatrica.
SRC-0101	IMIM - Hospital del Mar Research Institute, ofertes de treball	POSTDOCS	https://www.imim.es/ofertes/ofertes-treball/	Oferta publica, convocatorias temporales, bolsas de trabajo y convocatorias externas del IMIM, que tiene grupo de genetica psiquiatrica en el PRBB de Barcelona	Seccions Convocatories temporals y Borses de treball; buscar genetica, bioinformatica y salut mental	Mensual	MEDIUM	2026-09-07	BLOQUEO CONFIRMADO 2026-09-07: HTTP 403 al fetch automatico tanto en www.imim.es/ofertes/ofertes-treball/ como en el host real del listado www.researchmar.net/ofertes/ofertas-empleo/. En navegador funciona. No volver a gastar llamadas en fetch: usar navegador o buscador.
SRC-0102	CIBER (consorcio, incluye CIBERSAM) - empleo	JOBS	https://www.ciberisciii.es/empleo	Ofertas de empleo del consorcio CIBER, incluidas plazas de estadistica y epidemiologia en grupos de CIBERSAM y contratos indefinidos de personal propio	Listado de ofertas de empleo del consorcio; filtrar por area tematica CIBERSAM	Quincenal	MEDIUM	2026-09-07	Sustituye a la URL de ofertas que daba 404. BLOQUEO CONFIRMADO 2026-09-07: el dominio ciberisciii.es devuelve HTTP 403 al fetch automatico (probado en /ofertas-de-empleo). La ruta viva /empleo procede de fuentes Tier 2 (Sociedad Espanola de Epidemiologia, LinkedIn de CIBER) y no ha podido abrirse: UNVERIFIED. Consultar en navegador o vigilar los reboteos en seepidemiologia.es.
SRC-0103	Sociedad Espanola de Epidemiologia - ofertas de empleo	JOBS	https://seepidemiologia.es/	Reboteo de ofertas de empleo espanolas de epidemiologia y bioestadistica, incluidas convocatorias del CIBER y de institutos de investigacion sanitaria que no salen en agregadores	Seccion de ofertas de empleo; buscar CIBER, bioestadistica, genetica	Quincenal	MEDIUM	2026-09-07	Fuente NUEVA, detectada el 2026-09-07 al rastrear la via viva de empleo del CIBER: publicaba una convocatoria de contrato indefinido en CIBER para perfiles de medicina o de matematicas/estadistica con master en salud publica o ciencia de datos, que es literalmente el perfil de Ana. No abierta por esta rama (solo vista en resultados de busqueda): validar la URL exacta de la seccion de ofertas en la proxima pasada.
SRC-0104	SERGAS - seleccion temporal de FEA y listas de contratacion (Galicia)	JOBS	https://www.sergas.gal/Recursos-Humanos/Emprego-publico-Seleccion-temporal?idioma=es	Las convocatorias de seleccion temporal de facultativo especialista de area por hospital y area sanitaria, con fecha de publicacion y plaza, mas el acceso a las listas generales de contratacion. Es el mecanismo permanente de entrada al SERGAS, paralelo a la OPE.	Abrir la pagina y filtrar el listado por FEA y por las categorias de laboratorio (Analisis Clinicos, Bioquimica Clinica, y en el futuro Laboratorio Clinico o Genetica). Complemento: /Recursos-Humanos/OFERTAS_FEA_GENERAL y /Recursos-Humanos/Listaxes-de-contratacion	Mensual, con revision reforzada en marzo y abril (plazo ordinario de inscripcion en listas)	ALTA	2026-09-07	Alta en la pasada del 2026-09-07 (rama 4). Amplia el mapa de CCAA a Galicia, que no estaba cubierta. AVISO DE URL: sergas.es responde 301 a sergas.gal; usar directamente el dominio .gal para evitar la redireccion. El catalogo gallego sigue sin recoger la categoria Laboratorio Clinico del RD 101/2025.
SRC-0105	Osakidetza - contratacion temporal (bolsas de trabajo del Servicio Vasco de Salud)	JOBS	https://www.osakidetza.euskadi.eus/contratacion-temporal/webosk00-procon/es/	Las resoluciones de apertura de plazo de inscripcion en las bolsas de contratacion temporal por categoria, con fechas literales de apertura y cierre, y los cambios de denominacion de categoria. Aqui se detecto que Osakidetza ya ha creado la lista de Laboratorio Clinico en sustitucion de Analisis Clinicos y Bioquimica Clinica.	Buscar en la pagina las resoluciones del ano en curso y quedarse con las categorias de laboratorio y genetica; la inscripcion se hace en el area privada de lanpoltsa.osakidetza.eus; consultas por correo a 2021lp-lc@osakidetza.eus	Trimestral, con revision reforzada en junio-julio, que es cuando abrio el plazo de 2026	ALTA	2026-09-07	Alta en la pasada del 2026-09-07 (rama 4). Amplia el mapa de CCAA al Pais Vasco. Es el primer servicio autonomico visto que aplica la denominacion Laboratorio Clinico del RD 101/2025. PENDIENTE: la pagina rotula la categoria como FEM-Tecnico/a de Laboratorio Clinico y no queda claro si es facultativo o tecnico de FP; resolverlo por correo antes de junio de 2027.
SRC-0106	Amgen R&D Postdoctoral Fellows Program - portal de postdocs	POSTDOCS	https://careers.amgen.com/en/Postdoctoral	Programa recurrente de postdocs de Amgen (3 anos ampliables a 4) en I+D, incluida la sede de Amgen deCODE genetics en Reykjavik, con plazas de genetica estadistica y genomica computacional.	Enlace 'Postdoctoral-jobs' del portal; alternativamente careers.amgen.com/en/search-jobs con la palabra 'genetics'.	Mensual	MEDIUM	2026-09-07	Descubierta el 2026-09-07 a partir del anuncio de deCODE en jobRxiv. La pagina general del programa carga bien, pero solo lista como sedes Thousand Oaks, San Francisco, Burnaby y Copenhague, sin mencionar Reykjavik pese a existir la plaza islandesa: hay que mirar el buscador de empleo, no la pagina del programa. Las fichas concretas viven en Workday (amgen.wd1.myworkdayjobs.com), sin comprobar si se dejan leer automaticamente.
SRC-0107	ERC - listas oficiales de investigadores principales financiados (Starting, Consolidator y Advanced Grants)	GROUPS	https://erc.europa.eu/apply-grant/starting-grant	PDF anual con nombre del PI, institucion de acogida, pais, acronimo, titulo del proyecto y panel de TODOS los proyectos financiados. Un PI con ERC recien concedido va a contratar doctorandos y postdocs en los doce a dieciocho meses siguientes y normalmente aun no lo ha anunciado en ningun portal de empleo, asi que es la ventana de competencia mas baja que existe.	Descargar el PDF de resultados del ano (patron de URL erc.europa.eu/system/files/AAAA-MM/erc-AAAA-{stg,cog,adg}-results-*.pdf), extraer el texto y filtrar por las palabras clave genet, genom, polygenic, GWAS, psychiatr, mental health, depress, sleep, biobank, heritab, ADHD, autism. Prestar atencion a los paneles LS2 (genetica y genomica), LS5 (neurociencia) y tambien SH4 (psicologia), donde caen proyectos de genetica del comportamiento.	Trimestral: StG suele publicarse en septiembre, CoG a finales de noviembre y AdG a mitad de ano.	HIGH	2026-09-07	Los PDF del ERC no se dejan leer por el lector automatico de paginas: hay que descargarlos y extraer el texto localmente (descomprimir los flujos del PDF), que es como he sacado a Palamara y a Lehto en esta pasada. La convocatoria StG 2026 deberia publicarse hacia septiembre de 2026: revisarla en la proxima pasada.
SRC-0108	ISPG (International Society of Psychiatric Genetics) - junta directiva y comites	GROUPS	https://ispg.net/board-of-directors/	Nombres y roles de quince personas que dirigen hoy la genetica psiquiatrica mundial, con etiquetas utilisimas para filtrar: representante clinico, representante de ciencia computacional, representantes de carrera temprana y responsable del programa de investigadores noveles. Es un mapa de PIs activos y de con quien hablar segun el perfil.	Revisar la lista completa cada semestre; cruzar los nombres nuevos con los grupos ya fichados en la tabla y perfilar a los que no esten. Priorizar los cargos de Clinical Representative y Early Career Representative, que son los que mejor entienden una candidatura MD que empieza.	Semestral (la junta rota anualmente).	MEDIUM	2026-09-07	En esta pasada esta unica pagina ha producido cuatro filas (Middeldorp, McIntosh, Huckins y Sanchez-Roige). La pagina no publica afiliaciones: hay que buscar cada nombre aparte. Complementarla en pasadas futuras con las juntas de BGA e IGES, que no me ha dado tiempo a abrir.
SRC-0109	BGA - Future Meetings (Behavior Genetics Association)	EVENTS	https://bga.org/content.aspx?page_id=22&club_id=971921&module_id=567675	Sedes y anyos de las proximas reuniones anuales de la BGA antes de que existan webs de congreso (asi aparecio Tartu 2028)	Leer la lista completa; contrastar con la pagina hermana BGA Current Meeting (module_id=558771), que es donde se publican fechas, plazo de resumenes y becas de la edicion inmediata	Trimestral	HIGH	2026-09-07	Fuente Tier 1 que no se habia usado antes en esta rama; es la unica que anticipa sedes BGA con dos anyos de margen.
SRC-0110	ASHG - Future & Past Annual Meetings	EVENTS	https://www.ashg.org/meetings/future-past/	Ciudad y fechas de las reuniones anuales de ASHG hasta 2034 (2027 Nashville, 2028 San Diego, 2029 Boston...)	Leer la tabla de futuras; para plazos de resumenes usar ashg.org/deadlines-events	Semestral	MEDIUM	2026-09-07	Permite planificar viajes caros con anyos de antelacion; los plazos concretos viven en otra pagina.
SRC-0111	Congreso SES - webs por edicion (Sociedad Espanola de Sueno)	EVENTS	https://congreso-ses.com/ses2027/bienvenida	Sede, fechas, plazo de comunicaciones y cuotas (con tarifa de residente) de la reunion anual espanola del sueno	Cambiar el anyo en la ruta: /ses2026/, /ses2027/...; revisar las secciones Comunicaciones y Cuotas de Inscripcion	Trimestral	MEDIUM	2026-09-07	Opcion mas barata de su linea 3: sin vuelo ni visado; la web de 2027 ya existe aunque todavia sin fechas exactas.
SRC-0112	Bristol Medical School - catalogo de cursos cortos	TRAINING	https://www.bristol.ac.uk/medical-school/short-courses-and-cpd/short-courses/courses/	Programa anual completo con fechas exactas de Genetic Epidemiology, Mendelian Randomization, Advanced MR, Molecular Epidemiology, Machine Learning with Omics Data y Causal Inference in Epidemiology	Revisar el listado entero; filtrar por epidemiologia genetica, inferencia causal y datos multiomicos	Mensual, con revision obligatoria a finales de septiembre y el dia de apertura de reservas	HIGH	2026-09-07	Es la fuente Tier 1 que resuelve T-0002 y T-0003 de una sola visita. Ojo con las redirecciones: la ruta antigua /medical-school/study/short-courses/ redirige a /medical-school/short-courses-and-cpd/short-courses/. Reservas 2026-27: apertura 2026-10-07 a mediodia, registro de interes desde 2026-09-23.
SRC-0113	EMBL-EBI Training (eventos y cursos online)	TRAINING	https://www.ebi.ac.uk/training/events/	Cursos gratuitos y de pago sobre puntuaciones poligenicas y el PGS Catalog, GWAS, bioinformatica de datos omicos y programacion	Filtrar por 'polygenic', 'GWAS', 'statistical genetics', 'Python'	Mensual	MEDIUM	2026-09-07	Localizado un curso online sobre puntuaciones poligenicas y el PGS Catalog que no he llegado a abrir; pendiente de verificar formato, coste y si es autoformativo.
SRC-0114	Summer Schools in Europe (agregador)	TRAINING	https://www.summerschoolsineurope.eu/	Escuelas de verano europeas de genetica estadistica, epidemiologia y ciencia de datos, todas dentro de la UE y por tanto sin visado	Buscar 'genetics', 'genomics', 'epidemiology', 'risk prediction', 'bioinformatics'	Trimestral, intensificando entre enero y abril, que es cuando abren los plazos	MEDIUM	2026-09-07	Fuente Tier 2 nueva en esta pasada: por aqui aparecio la escuela de verano de Tartu, que no habia salido en ninguna busqueda anterior. Util justo para la ventana posterior a mayo-2027.
SRC-0115	AEGH - Asociacion Espanola de Genetica Humana, seccion de cursos	TRAINING	https://aegh.org/cursos-3/	Formacion acreditada en genetica clinica, diagnostico genetico y bioinformatica en Espana, conectada con su via de Medicina de Laboratorio	Cursos cortos y de formacion continuada; descartar masteres y titulos propios, que estan fuera de alcance	Trimestral	MEDIUM	2026-09-07	Via espanola sin coste de viaje y compatible con la residencia. En la revision de hoy solo se ven cursos introductorios y programas largos (masteres, expertos universitarios) fuera de alcance; ninguno con fechas 2027 publicadas.
SRC-0116	PGC Video Textbook (Psychiatric Genomics Consortium)	TRAINING	https://pgcanalytics.github.io/pgcvideotextbook/welcome.html	Formacion autoformativa y gratuita en genetica psiquiatrica: control de calidad, GWAS, puntuaciones poligenicas y analisis de rutas	Recurso fijo, no hay convocatoria: revisar solo si anuncian talleres en directo	Semestral	LOW	2026-09-07	El PGC NO tiene un programa de 'analyst training' con convocatoria y fechas, al contrario de lo que sugeria la pista de la pasada anterior: lo que existe es este video-libro gratuito. Sirve como repaso barato antes del Boulder Workshop, pero no es un curso con plaza ni certificado.
SRC-0117	Max Planck Institute for Psycholinguistics - pagina de vacantes	GROUPS	https://www.mpi.nl/career-education/vacancies	Todas las plazas del MPI Nijmegen, incluido el Departamento de Language & Genetics (grupos de Simon Fisher y Beate St Pourcain): postdocs y doctorados de genomica estadistica y epidemiologia genetica	Revisar el listado completo; buscar 'Statistical Genomics', 'Genetic Epidemiology', 'Language and Genetics'	Semanal	HIGH	2026-09-14	Fuente NUEVA, no usada en pasadas anteriores. Es la Tier 1 que confirma la plaza de L-0011. Aviso: la URL corta www.mpi.nl/page/vacancies da 404; la buena es esta.
SRC-0118	QIMR Berghofer - portal de seleccion TurboRecruit	GROUPS	https://qimrberghofer.turborecruit.com.au	Las vacantes reales de QIMR Berghofer (la pagina institucional /careers no lista nada, solo redirige aqui): postdocs y research officers, incluido el grupo de genetica psiquiatrica de Sarah Medland	Filtrar por genetics / postdoctoral / research officer	Semanal	HIGH	2026-09-07	Fuente NUEVA. Critica porque L-0002 es la pista mas calida del conjunto y hasta ahora se vigilaba la pagina equivocada. No llegue a abrirla esta semana por presupuesto.
SRC-0119	Cardiff University - portal oficial de vacantes	GROUPS	https://cardiffuniweb.eploy.net/vacancies/vacancy-search-results.aspx?culture=en-GB	Todas las vacantes de Cardiff, incluidas las del MRC Centre for Neuropsychiatric Genetics & Genomics, que en la pagina del propio Centro no se pueden leer de forma automatica	Buscar genetics / genomics / psychiatry / bioinformatics / research associate	Semanal	MEDIUM	2026-09-14	Fuente NUEVA y necesaria: cardiff.ac.uk/centre-neuropsychiatric-genetics-genomics y su subpagina de vacantes devuelven 403 a acceso automatico. El listado esta paginado (3 paginas) y la paginacion por parametro de URL no funciono, hay que recorrerla a mano.
SRC-0120	Saxena Lab (MGH/Broad) - pagina de oportunidades	GROUPS	https://saxena.mgh.harvard.edu/our-lab/jobs-in-the-lab/	Plazas del laboratorio de genomica del sueno y circadiana de Richa Saxena	Pagina unica, leer entera	Semanal	MEDIUM	2026-09-07	Fuente NUEVA. Hoy dice 'Coming Soon!' (sin plazas), pero la pagina esta montada para publicar, asi que un cambio aqui es senal fiable.
SRC-0121	Institute for Behavioral Genetics (CU Boulder) - Positions	GROUPS	https://www.colorado.edu/ibg/join-ibg/positions	Postdocs y plazas del IBG, incluidos los tres programas de formacion federales (NIMH, NIDA, NIA) y el entorno de Andrew Grotzinger	Pagina unica, leer entera; atender a si las becas exigen ciudadania/residencia estadounidense	Quincenal	MEDIUM	2026-09-07	Fuente NUEVA. La pagina esta desactualizada (conserva un anuncio con plazo de dic-2024), asi que sirve para detectar programas de financiacion mas que plazas frescas.
SRC-0122	Institute of Genomics, University of Tartu - ofertas de empleo	GROUPS	https://genomics.ut.ee/en/content/job-offers	Plazas del Estonian Genome Centre / Institute of Genomics: grupos de genomica neuropsiquiatrica, epidemiologia genomica y genomica de enfermedad humana	Seguir el enlace de 'academic job offers' al listado de la Universidad de Tartu	Quincenal	MEDIUM	2026-09-07	Fuente NUEVA. Es un indice, no un listado: las ofertas reales viven en el portal de empleo de la Universidad de Tartu al que apunta.
SRC-0123	Jobbnorge - portal publico de contratacion de Noruega	POSTDOCS	https://www.jobbnorge.no/en/available-jobs	Todas las vacantes publicas noruegas, incluidas las de UiO (Centre for Precision Psychiatry/NORMENT, LCBC, PROMENTA), NTNU, UiB y UiT: es el canal unico por el que Noruega anuncia postdocs de genetica psiquiatrica, post-GWAS y modelizacion estadistica de datos genomicos. No es un agregador academico generico sino el portal estatal de empleo publico.	Las rutas de listado y busqueda devuelven HTTP 404 al fetch automatico; usar busqueda web restringida a jobbnorge.no con 'postdoctoral fellow genetics GWAS', 'statistical modeling genomic data' o 'Centre for Precision Psychiatry'. Los anuncios individuales si son legibles en /en/available-jobs/job/<id>/<slug> y en /en/available-jobs/joblisting/pdf/<id>	weekly	HIGH	2026-09-14	Fuente NUEVA 2026-09-14. Cinco anuncios relevantes localizados (UiO Precision Psychiatry multi-omics 301627, MetaBrain, LCBC post-GWAS, NTNU modelizacion estadistica de datos genomicos 301707), todos ya cerrados: sirve para mapear los grupos que contratan de forma recurrente en su area dentro del EEE.
SRC-0124	EURAXESS - anuncios individuales via buscador externo (rodeo al buscador roto)	POSTDOCS	https://euraxess.ec.europa.eu/jobs/	Fichas completas de ofertas concretas de EURAXESS (titulo, institucion, pais, perfil R1-R4, plazo, estado abierto/expirado) sin pasar por el buscador de la propia web, que sigue roto.	Busqueda web con allowed_domains=euraxess.ec.europa.eu y palabras clave del tema ('postdoc GWAS psychiatric genetics polygenic', 'genetic epidemiology complex traits biobank'), despues fetch directo de https://euraxess.ec.europa.eu/jobs/<id>	weekly	MEDIUM	2026-09-21	Fuente NUEVA 2026-09-14. Hallazgo de esta pasada: algunas fichas individuales ya renderizan de verdad (p. ej. /jobs/127222 devolvio un anuncio unico con perfil R2, plazo y estado EXPIRED), pero otras (/jobs/630410, /jobs/519384) siguen devolviendo el listado generico de ~6.900 ofertas. Acierto aproximado 1 de 3: usar solo con IDs obtenidos por buscador externo y aceptar fallos.
SRC-0125	THEunijobs (Times Higher Education) - postdocs en Australia	Tablon academico	https://www.timeshighereducation.com/unijobs/listings/australia/postdocs/	Vacantes postdoctorales de universidades australianas y neozelandesas con salario, ciudad y dias restantes; es el agregador que si responde al fetch, a diferencia de Seek (403) y de careers.uq.edu.au (404).	Listado 'australia/postdocs'; alternar con el buscador por palabra clave 'genetics', 'genomics', 'epidemiology', 'mental health'.	weekly	MEDIUM	2026-09-21	Probado el 2026-09-14: devolvio 17 postdocs australianos con salarios y plazos, ninguno de genetica en esa pasada. Cubre el hueco de Australia que Seek dejaba abierto por bloqueo. El listado por disciplina es corto, asi que conviene revisarlo entero.
SRC-0126	scholarshipdb.net - agregador de vacantes academicas	Agregador Tier 2	https://scholarshipdb.net/	Reproduce anuncios de universidades de Australia, Canada y Europa que no se alcanzan por sus portales propios; util solo como PISTA, las fechas hay que verificarlas en origen.	Busqueda 'statistical genetics', 'genetic epidemiology', 'psychiatric genetics' filtrando por pais.	weekly	LOW	2026-09-14	Destapo las dos plazas de la University of Queensland de esta pasada, que ningun tablon en ambito daba. Riesgo alto de anuncios caducados y sin fecha de cierre: nunca marcar VERIFIED desde aqui.
SRC-0127	University of Queensland - API publica del portal Workday de empleo	POSTDOCS	https://uq.wd3.myworkdayjobs.com/wday/cxs/uq/uqcareers/jobs	TODAS las vacantes de UQ con departamento, fecha de publicacion y fecha de cierre, incluidas las del IMB (Program in Complex Trait Genomics) y las del Child Health Research Centre. Rompe el bloqueo de dos pasadas: careers.uq.edu.au da 404 y la interfaz Workday llega vacia, pero la API responde JSON completo.	"POST con cuerpo {""appliedFacets"":{},""limit"":20,""offset"":0,""searchText"":""genetic""}; repetir con searchText 'mental health', 'genomics' y 'statistical'. La ficha completa se lee con GET a https://uq.wd3.myworkdayjobs.com/wday/cxs/uq/uqcareers/job/<externalPath>"	weekly	HIGH	2026-09-21	Asi se encontro el postdoc de Statistical Genomics de Loic Yengo (R-68861). Sustituye a cualquier intento por careers.uq.edu.au o por la web de Workday.
SRC-0128	Program in Complex Trait Genomics (PCTG, UQ) - pagina de reclutamiento	POSTDOCS	https://cnsgenomics.com/content/recruitment	Las plazas de postdoc y de doctorado del PCTG (Visscher, Wray, Yang, Yengo, Zeng) enlazadas a UQ jobs, mas el aviso explicito de que aceptan contacto directo con los jefes de grupo cuando no hay plaza anunciada	Abrir la pagina entera; seguir los enlaces a jobs.uq.edu.au (el dominio no resuelve desde aqui: usar la API Workday con el numero de requisicion)	weekly	HIGH	2026-09-14	Es la via por paginas de grupo que pedia el encargo; el portal de empleo de UQ por si solo no dice a que laboratorio pertenece cada plaza
SRC-0129	University of Edinburgh - API publica de vacantes (Oracle Recruiting CX_1001)	POSTDOCS	https://elxw.fa.em3.oraclecloud.com/hcmRestApi/resources/latest/recruitingCEJobRequisitions	Vacantes de Edimburgo con titulo, campus, fecha de publicacion y resumen; la interfaz web del portal es JavaScript puro y llega vacia	GET con onlyData=true, expand=requisitionList y finder=findReqs;siteNumber=CX_1001,keyword=<genetics|psychiatric|genomics>,limit=25,sortBy=POSTING_DATES_DESC	weekly	MEDIUM	2026-09-14	El 14-09-2026 las 5 coincidencias de 'genetics' eran de Easter Bush (mejora genetica vegetal y animal), ninguna de genetica psiquiatrica
SRC-0130	King's College London - busqueda por termino del portal de empleo	POSTDOCS	https://www.kcl.ac.uk/jobs/search?term=genetics	Vacantes de KCL filtradas por palabra clave con enlace directo a la ficha completa (salario, duracion, cierre, PI): rompe el bloqueo de la vista de lista, que no exponia los puestos del IoPPN	term=genetics, term=psychiatric+genetics, term=genomics, term=sleep; las fichas estan en https://www.kcl.ac.uk/jobs/<id>-<slug> (el id solo, sin slug, redirige a 404)	weekly	HIGH	2026-09-21	Complementa a SRC-0039, que apunta a la vista de lista sin parametro de busqueda
SRC-0131	Broad Institute - paginacion del portal Avature	POSTDOCS	https://broadinstitute.avature.net/careers/SearchJobs/?jobOffset=6	Las vacantes 7 a 36 del Broad, que la primera pantalla del portal nunca muestra (solo 6 de 36); los titulos si nombran laboratorio (p. ej. 'Karczewski Lab', 'Deverman Lab')	Recorrer jobOffset=6, 12, 18, 24, 30 (6 resultados por pagina); buscar 'Stanley Center', 'Postdoctoral Associate' y nombres de laboratorio de genetica psiquiatrica	weekly	MEDIUM	2026-09-14	Resuelve parcialmente el bloqueo conocido '6 de 35 sin decir laboratorio': la paginacion funciona por WebFetch aunque no por curl
SRC-0132	Sacyl - Bolsa de Empleo Abierta y Permanente (BAPE, Castilla y Leon)	JOBS	https://www.saludcastillayleon.es/profesionales/es/bolsa	Bolsa autonomica permanentemente abierta de Castilla y Leon: alta telematica con autobaremo, convocatorias abiertas por categoria (Licenciados Especialistas incluye Analisis Clinicos y Bioquimica Clinica) y resoluciones de corte anuales.	Convocatorias abiertas > categoria Licenciados Especialistas (excepto Medicina Familiar y Comunitaria); vigilar tambien el procedimiento de inscripcion para quienes terminan el MIR	monthly	HIGH	2026-09-21	Tercera CCAA con via permanente en la base, tras Andalucia y Galicia. Contiene un PDF de procedimiento de inscripcion FIN MIR con un plazo aparente de dos dias habiles que hay que abrir y confirmar antes de 2027.
SRC-0133	GSK Careers - busqueda de vacantes	JOBS	https://jobs.gsk.com/us/en/search-results	Familia recurrente de plazas de genetica humana de GSK: Statistical Geneticist Investigator, Investigator Novel Human Genetics, Genomic Data Scientist, Principal Scientist Genomics Analytics Engineer.	keywords 'statistical genetics', 'human genetics', 'genomic data scientist'	weekly	HIGH	2026-09-21	Es el sustituto natural de Regeneron como fuente de vigilancia del carril farma, porque publica varias plazas simultaneas de su tecnica exacta. Aviso: las fichas individuales devuelven solo el armazon del portal al fetch automatico; se localizan por busqueda acotada al dominio pero hay que abrirlas a mano.
SRC-0134	Oxford PharmaGenesis - portal de vacantes (motor eploy)	JOBS	https://careers.pharmagenesis.com/vacancies/vacancy-search-results.aspx	Vacantes reales y legibles de una agencia MedComms: medical writer, senior medical writer, senior medical editor, communications consultant, con ubicacion y tipo de contrato.	Listado completo; mirar medical writer, associate medical writer y medical editor, y si aparece ubicacion remota o europea	monthly	MEDIUM	2026-09-14	Primera fuente Tier 1 que rinde en el carril de comunicacion cientifica tras dos pasadas en blanco. La pagina /careers/ del dominio principal no lista nada: hay que ir directamente a este portal. El motor eploy es el mismo que el de Cardiff (SRC-0038), asi que se puede leer sin navegador.
SRC-0135	Genomics England - open positions	JOBS	https://www.genomicsengland.co.uk/careers/open-positions	Listado de vacantes del programa genomico publico britanico por departamento, incluidos Bioinformatics Engineering y Bioinformatics Research Services, mas suscripcion a avisos por correo.	Listado completo; filtrar por bioinformatics, data science y research	monthly	MEDIUM	2026-09-14	Comprobado hoy: solo dos vacantes vivas (Chair of Access Review Committee y Monitoring & Evaluation Analyst, contrato temporal de 18 meses) y ninguna de genetica estadistica, por eso no genera fila. El listado es legible sin navegador, asi que sirve como fuente estable.
SRC-0136	ASHG Career Center	POSTDOCS	https://careers.ashg.org/jobs/	Bolsa de empleo de la American Society of Human Genetics: postdocs y puestos de personal en genetica humana y estadistica, sobre todo en EE. UU. (visado para ella, se anota). Complementa a ISPG y jobRxiv porque recoge tambien departamentos de genetica clinica y de laboratorio.	keywords=postdoctoral statistical genetics / polygenic / psychiatric genetics	weekly	LOW	2026-09-21	BLOQUEO COMPROBADO 2026-09-14: careers.ashg.org devuelve pantalla de CAPTCHA y aviso de cookies a las herramientas automaticas; no se pudo leer ni un solo anuncio. Tratar como fuente de revision manual o buscar el feed RSS antes de volver a gastar llamadas en ella. ASHG solo figuraba hasta ahora en sources como fuente de congresos (SRC-0110), no de empleo.
SRC-0137	PGC - indice de working groups (lista de chairs por subpagina)	GROUPS	https://pgc.unc.edu/for-researchers/working-groups/	Mapa directo de quien dirige hoy el GWAS psiquiatrico: 17 working groups, cada subpagina nombra a sus chairs con institucion y se actualiza cuando hay relevo (la de Cross Disorder dice literalmente 'stepped in as co-chairs in 2026'). De aqui salieron Yi Lu, Barbara Franke, Anders Borglum, Fabian Streit y Laramie Duncan.	Abrir cada subpagina y leer el bloque de liderazgo del inicio. Quedan 11 sin abrir: esquizofrenia, bipolar, TEPT, TOC/Tourette, sustancias, suicidio, alimentarios, Alzheimer, CNV, genomica funcional, pedigree sequencing.	Mensual	ALTA	2026-09-14	Fuente nueva del 2026-09-14 y la mas rentable de la pasada. Material ya cribado para la siguiente rotacion sin repetir angulo.
SRC-0138	PsychGen Centre (FHI) - Latest research	GROUPS	https://www.fhi.no/en/me/the-psychgen-centre-for-genetic-epidemiology-and-mental-health/latest-research/	Resultados nuevos sobre la cohorte MoBa con los nombres de quien firma; util para detectar a los junior del centro que se independizan y montan grupo propio.	Seccion 'Latest findings'	Mensual	MEDIA	2026-09-14	Alta del 2026-09-14, junto con la ficha del grupo L-0020.
SRC-0139	Sleep Research Society - liderazgo y comites	EVENTS	https://sleepresearchsociety.org/about/leadership/	Junta y comites de la SRS.	Pagina de liderazgo	Trimestral	BAJA	2026-09-14	Alta del 2026-09-14 CON ADVERTENCIA: no se encontro ningun comite de genetica dentro de la SRS y la junta 2026-2027 (Goldschmied, Saletin, Reynolds) es de sueno conductual/clinico, no de genetica. Rendimiento bajo previsible para su perfil: no gastar mucho aqui.
SRC-0140	EMGM - European Mathematical Genetics Meeting, futuras sedes	EVENTS	https://sites.google.com/site/emgmhome/future-meetings	Sede y fechas de las proximas ediciones de la reunion europea anual de genetica matematica y estadistica: el congreso pequeno y barato que mejor describe su linea 1.	Seccion 'Future Meetings'; la de 'past-meetings' da el historico de sedes y ayuda a estimar el pais siguiente.	Mensual	ALTA	2026-09-14	Fuente nueva del 2026-09-14, origen del E-0016. Consulta que la encontro: 'European Mathematical Genetics Meeting EMGM 2027 statistical genetics'.
SRC-0141	AEGH - adjudicacion de sede de la Jornada 2027	EVENTS	https://aegh.org/jornada-aegh-2027-presentacion-de-candidaturas/	Sede y fechas adjudicadas de la Jornada AEGH 2027 (E-0015). Mas precisa que el indice general de congresos de la AEGH.	Pagina de presentacion de candidaturas	Trimestral	MEDIA	2026-09-14	Alta del 2026-09-14. El plazo de candidaturas cerro a finales de oct-2025 y la adjudicacion sigue sin publicarse: revisar en dic-2026 o ene-2027.
SRC-0142	EEPE - catalogo anual de cursos de epidemiologia (Toscana)	TRAINING	https://www.eepe.org/courses-2/	Catalogo anual de la escuela de epidemiologia de la Toscana: curso residencial de 3 semanas mas modulos especializados de 5 dias, con profesorado nominal (MRC IEU de Bristol) y cuotas exactas.	Seccion 'Specialised courses' y tabla de fees en eepe.org/registration-2-2/	Trimestral	ALTA	2026-09-14	Fuente nueva del 2026-09-14, origen de T-0011. La edicion 2027 se anuncia hacia enero.
SRC-0143	SMARTbiomed (Aarhus) - escuela de verano	TRAINING	https://smartbiomed.dk/news-and-events/summer-school	Escuela de verano danesa que combina genetica estadistica, inferencia causal y machine learning en Python, mas desarrollo de paquetes en R; la pagina documenta modulos, cuota en DKK y plazo de la ultima edicion.	Pagina de la summer school	Trimestral	MEDIA	2026-09-14	Fuente nueva del 2026-09-14, origen de T-0012. No hay edicion posterior a 2025 anunciada: contacto smartbiomed_info@au.dk.
SRC-0144	Bristol Medical School - criterios de voucher packs y calendario de reservas	TRAINING	https://www.bristol.ac.uk/medical-school/short-courses-and-cpd/short-courses/fees/	Criterios completos de los voucher packs (quien tiene 50% o gratuidad) y las fechas de apertura de cuentas y reservas. Es lo que permite descartar financiacion para ella con certeza.	Tabla de fees y criterios de elegibilidad	Trimestral	ALTA	2026-09-14	Alta del 2026-09-14. AVISO DE RUTA: el catalogo cambio de direccion, bristol.ac.uk/medical-school/study/short-courses/ redirige a /short-courses-and-cpd/short-courses/courses/ -- usar la nueva.
SRC-0145	Aarhus University - portal de vacantes Emply	POSTDOCS	https://au.career.emply.com/en/vacant-positions	Unico listado real de vacantes de toda Aarhus, incluidas las de QGG (L-0003), ahora que qgg.au.dk/en/vacancies e international.au.dk estan caidos o bloqueados.	Listado de vacant positions	Semanal	MEDIA	2026-09-14	Alta del 2026-09-14. BLOQUEO: requiere navegador real, el lector automatico rebota al dominio generico del proveedor. international.au.dk devuelve 403.
SRC-0146	Grotzinger - web propia del laboratorio (p-badger-lab)	GROUPS	https://www.p-badger-lab.com/	Web propia del laboratorio de Andrew Grotzinger (L-0007), que la ficha no conocia. Hoy no tiene seccion de contratacion, pero es donde apareceria.	Web del laboratorio	Mensual	MEDIA	2026-09-14	Alta del 2026-09-14; sustituye a la URL que se daba por rota.
SRC-0147	NIH - codigo de actividad T32 (elegibilidad)	POSTDOCS	https://grants.nih.gov/funding/activity-codes/T32	Referencia de elegibilidad, no portal de empleo: las T32 exigen ciudadania estadounidense, nacionalidad no ciudadana o residencia permanente legal. Calibra de golpe toda la rama estadounidense.	Activity code T32 y NIH Grants Policy Statement 11.2.2	Anual	ALTA	2026-09-14	Alta del 2026-09-14. REGLA PRACTICA: cualquier plaza descrita como T32, NRSA o 'training grant' esta fuera de su alcance y no admite patrocinio de visado.
SRC-0148	EURAXESS Worldwide - digests regionales de postdocs recien publicados	POSTDOCS	https://euraxess.ec.europa.eu/worldwide/north-america/news/europe-22-postdoctoral-positions	Recopilaciones editoriales que publican las oficinas regionales de EURAXESS (north-america, lac, japan, china, asean, india, africa) con 20-90 ofertas concretas del portal, cada una con titulo, institucion, pais, PLAZO y enlace directo a la ficha /jobs/NNNNNN. Es la unica via encontrada que devuelve contenido real de EURAXESS filtrado y fechado, porque el buscador del portal no filtra nada.	Navegar https://euraxess.ec.europa.eu/worldwide/<region>/news/ y abrir los items cuyo titulo empiece por 'Europe:' (postdocs, PhD, funding). Leer la tabla y quedarse con genetica/genomica/psiquiatria/neurociencia/sueno.	monthly	MEDIUM	2026-09-21	Punto debil: son digests esporadicos y con retraso. Los dos localizados el 2026-09-21 son de 2024-11-15 (lac) y 2026-05-15 (north-america), y NINGUNO traia nada de genetica estadistica ni psiquiatrica. Util como red de barrido mensual, inutil para plazos urgentes. Fuente NUEVA en esta pasada.
SRC-0149	NIH Office of Intramural Training & Education (OITE) - tablon de empleo intramural	POSTDOCS	https://www.training.nih.gov/jobs/	Plazas postdoctorales del programa intramural del NIH (NIMH, NHGRI, NLM, NIA, NIEHS...), con fichas por instituto. En esta pasada aparecian, entre otras, 'Postdoctoral Fellow (Genetic Epidemiology and Bioinformatics)' (doctorado en genetica estadistica/epidemiologia genetica, PRS y datos omicos) y 'Postdoctoral Fellow (NLM & NIMH)' sobre tipos celulares del cerebro humano y trastornos psiquiatricos con genomica de celula unica.	El indice y las fichas devuelven HTTP 403 al fetch automatico: hay que atacarlo por busqueda web restringida (allowed_domains=training.nih.gov, nimh.nih.gov, irp.nih.gov) con 'postdoctoral fellow statistical genetics', 'genetic epidemiology polygenic', 'psychiatric genomics'; las fichas tienen la forma training.nih.gov/jobs/<codigo>/ y las abre la dueña a mano	Mensual (y semanal a partir de 2027, cuando su reloj se acerque)	MEDIUM	2026-09-21	Fuente nueva para el repo, encontrada el 2026-09-21. Ojo a la elegibilidad: el programa PIRA del NIMH exige ciudadania o residencia permanente en EE.UU., mientras que la via de Visiting Fellow si admite extranjeros con visado; hay que mirarlo ficha por ficha. Anadir 403 de training.nih.gov a la lista de bloqueos conocidos.
SRC-0150	IiSGM - Instituto de Investigacion Sanitaria Gregorio Maranon, ofertas de empleo	POSTDOCS	https://www.iisgm.com/ofertas-de-empleo/	Convocatorias propias de un IIS grande de Madrid con nodo CIBERSAM: genetistas, ayudantes de investigacion, tecnicos y contratos ligados a proyecto	Listado completo; filtrar por estado Abierta y leer los titulos con genetica / genomica / bioinformatica	Semanal	HIGH	2026-09-21	Se lee sin bloqueo por WebFetch y muestra referencia, grupo y fecha limite en el propio listado. FUENTE NUEVA de la pasada 2026-09-21.
SRC-0151	IIS-FJD Fundacion Jimenez Diaz, ofertas de empleo	POSTDOCS	https://www.fjd.es/iis-fjd/es/formacion-empleo/ofertas-empleo	Llamadas de acogida a candidatos postdoctorales por area (incluida un Area de Genomica y Genetica) para concurrir a contratos publicos tipo Sara Borrell	Abrir a mano; el area de interes es Genomica y Genetica	Mensual	MEDIUM	2026-09-21	BLOQUEO: fjd.es devuelve HTTP 403 al fetch automatico. Solo utilizable a mano por la duena. Es el mejor ejemplo encontrado del patron espanol grupo-acoge-para-Sara-Borrell.
SRC-0152	INCLIVA (Instituto de Investigacion Sanitaria, Valencia), convocatorias de empleo	POSTDOCS	https://www.incliva.es/en/rrhh/job-offers/employment-opportunities/	Convocatorias numeradas del IIS de Valencia con estado Plazo abierto/cerrado	Listado completo, mirar las de Plazo abierto	Mensual	LOW	2026-09-21	Se lee sin bloqueo, pero en esta pasada las 4 convocatorias abiertas eran enfermeria de investigacion, desarrollo de aplicaciones y gestion: rendimiento bajo para su perfil. Contacto empleo@incliva.es.
SRC-0153	Porterhouse Medical - portal de vacantes de la agencia	JOBS	https://www.porterhousemedical.com/careers/	Vacantes reales y legibles de una agencia MedComms britanica con tres oficinas (Londres, Nottingham, Reading) y division estadounidense: Senior Medical Writer, Senior Medical Editor y, sobre todo, las dos vias de entrada nombradas para quien no tiene experiencia de agencia, el Pathfinders PhD Internship Programme y el Pathfinders Graduate Internship Programme, esta ultima con calendario anual declarado	Abrir la pagina entera y leer el bloque 'Current Vacancies'; buscar 'Medical Writer' sin el prefijo Senior y la reapertura del programa Pathfinders	Trimestral, y con un vistazo extra a finales del cuarto trimestre de 2026 por la reapertura anunciada del programa de graduados	MEDIUM	2026-09-21	HTML plano, sin JavaScript, perfectamente legible por un agente; metadatos con fecha de ultima modificacion 2026-08-26, o sea listado mantenido. No publica salarios ni fechas de cierre. La solicitud es por correo a careers@porterhousemedical.com, no hay formulario. Segunda agencia del metodo 'portal de agencia' tras Oxford PharmaGenesis (SRC-0134)
SRC-0154	Evidenze - portal de empleo (motor Personio)	JOBS	https://evidenze.jobs.personio.com/	Vacantes de un CRO europeo que declara divisiones propias de medical writing y de comunicacion cientifica, ademas de bioestadistica y gestion de datos: cubre a la vez el carril 1 (investigacion por contrato) y el carril 3 (comunicacion cientifica)	Buscar en el campo 'Position' los terminos medical writer, scientific communication y biostatistics	Trimestral	MEDIUM	2026-09-21	OJO, FUENTE A MEDIO VERIFICAR: la pagina https://evidenze.com/careers carga y contiene un buscador 'Open positions', y el enlace real de las vacantes es el portal Personio de arriba, pero ese portal no devuelve nada a un agente (el feed XML de Personio vino vacio y la pagina se pinta con JavaScript), asi que NO se ha podido leer ni una sola vacante ni confirmar en la web que la sede este en Espana. Tiene que abrirla ella a mano. Se registra como fuente y no como fila de empleo precisamente por eso
SRC-0155	IGES - Position Openings (International Genetic Epidemiology Society)	POSTDOCS	https://www.geneticepi.org/position-openings	Tablon de plazas de la sociedad de epidemiologia genetica: postdocs y research associates en genetica estadistica y epidemiologia genetica, publicados por los propios PI. CADA ENTRADA LLEVA FECHA DE PUBLICACION VISIBLE, lo que lo hace fiable para detectar altas nuevas (a diferencia de jobRxiv).	Abrir la pagina entera y filtrar por la fecha 'Posted' de cada entrada; son pocas (5 vivas el 2026-09-21).	Semanal	Alta	2026-09-21	Fuente nueva de esta pasada (rama 5). Es exactamente la linea 1-2 del perfil. OJO: el indice NO esta en iges.memberclicks.net (ahi /job-postings y /jobs dan 404); el dominio bueno es geneticepi.org. Las fichas individuales si viven en iges.memberclicks.net/<slug>. El 2026-09-21 la mas reciente era del 2026-06-17: rotacion lenta, no esperar altas todas las semanas.
SRC-0156	AEGH - Ofertas de empleo (Asociacion Espanola de Genetica Humana)	JOBS	https://aegh.org/empleo/	Bolsa de ofertas de genetica clinica y de laboratorio en hospitales y empresas espanolas (facultativos especialistas, genetistas clinicos, citogenetistas), mas alguna europea. Carril 2 del perfil: sistema publico espanol como especialista de Laboratorio/Genetica.	Indice /empleo/; para fechar cada oferta hay que abrir la ficha individual.	Quincenal	Media	2026-09-21	Fuente nueva de esta pasada (rama 5). Complementa SRC-0094 (blog de convocatorias) y SRC-0115 (cursos), que no cubren la bolsa de empleo. LIMITACION IMPORTANTE: el indice NO muestra fechas de publicacion, solo las fichas individuales; el buscador web sí las expone. La mas reciente detectada el 2026-09-21 era del 2026-07-23, nada dentro de la ventana de 7-14 dias.
SRC-0157	PGC Careers (Psychiatric Genomics Consortium)	POSTDOCS	https://pgc.unc.edu/about-us/pgc-careers/	Plazas que los grupos del PGC publican para early career researchers (postdocs en genomica psiquiatrica, GWAS, PRS). Linea 2 del perfil, y es la red de contactos donde ella querria estar.	Pagina unica, lista corta. Sin fechas de publicacion: usar el plazo de solicitud para saber si sigue viva.	Mensual	Media	2026-09-21	Fuente nueva de esta pasada (rama 5); distinta de SRC-0027 (portal general) y SRC-0137 (working groups). Rotacion MUY lenta y se queda rancia: el 2026-09-21 la unica entrada era un postdoc del Karolinska (Lisa Dinkler) con plazo 2026-02-17, caducado hace siete meses. Por eso cadencia mensual y no semanal.
SRC-0158	MSCA - seccion de noticias y resultados de convocatoria	FELLOWSHIPS	https://marie-sklodowska-curie-actions.ec.europa.eu/whats-new/news	Los anuncios oficiales de apertura y CIERRE de cada convocatoria MSCA, el recuento de propuestas recibidas, el presupuesto indicativo, el numero de proyectos que se espera financiar y la fecha de notificacion de resultados. Es donde se confirma en Tier 1 que una convocatoria ha cerrado de verdad, cosa que la pagina de la accion no dice.	Filtrar por 'Postdoctoral Fellowships'; leer la noticia de resultados de cada edicion (p. ej. /whats-new/news/postdoctoral-fellowships-2026-call-results)	monthly	HIGH	2026-09-21	Usada por primera vez en la pasada del 2026-09-21 para confirmar el cierre de la MSCA PF 2026 (21.627 propuestas). Distinta de SRC-0011 y SRC-0097, que apuntan a la pagina de la accion y a las fichas por ano.
SRC-0159	MSCA - pagina de la convocatoria Postdoctoral Fellowships 2027	FELLOWSHIPS	https://marie-sklodowska-curie-actions.ec.europa.eu/funding/msca-postdoctoral-fellowships-2027	El calendario provisional de la ultima edicion de PF de Horizonte Europa 2021-2027: lanzamiento 07-04-2027 y cierre 08-09-2027, ambos marcados TBC. Es la pagina donde esas dos fechas pasaran de TBC a confirmadas.	Leer la seccion de calendario y comprobar si las fechas siguen marcadas '(TBC)'	monthly	HIGH	2026-09-21	URL distinta de SRC-0098 (que es la de MSCA COFUND 2027) y de SRC-0097 (node/1496). El paso de TBC a fecha firme es el disparador de la decision sobre adelantar la defensa.
SRC-0160	Faculty of Law, University of Oxford - pagina de plazos de Wellcome Early-Career Awards	FELLOWSHIPS	https://www.law.ox.ac.uk/wellcome-early-career-awards	Espejo britanico que reproduce el calendario de rondas de los Wellcome Early-Career Awards: plazo del financiador, mes de preseleccion y mes de entrevistas de cada ronda, separados de los plazos internos del centro. Es la unica via encontrada hasta ahora para leer fechas de Wellcome mientras wellcome.org devuelve 403.	Abrir la pagina entera y leer las tablas por termino academico (Michaelmas, Hilary, Trinity); quedarse con la fila rotulada 'Advised Latest Submission Deadline for Applicants (including Organisation Approval)' y contrastarla con otro espejo universitario antes de darla por buena.	Trimestral	MEDIUM	2026-09-21	Tier 2. Abre sin bloqueo. OJO: en la pasada del 2026-09-21 su fecha para la ronda de otono de 2026 (16-11-2026) NO coincide con la que la propia Wellcome publica (10-11-2026) para la misma ronda. Usarla para el patron de rondas, no como fecha unica.
SRC-0161	FIBAO - buscador de convocatorias (espejo de fichas de la BDNS)	FELLOWSHIPS	https://www.fibao.es/convocatoria/	Fichas completas de convocatorias estatales y andaluzas copiadas de la Base de Datos Nacional de Subvenciones: plazos, numero de ayudas, importes, duracion y codigo BDNS. Sirve de sustituto operativo mientras aei.gob.es da 503 y mientras subvenciones.gob.es se renderiza por JavaScript y devuelve cuerpo vacio al fetch automatico.	Buscar por nombre del programa (Juan de la Cierva, Ramon y Cajal, Sara Borrell, Rio Hortega) y abrir la ficha del ano en curso. Leer SIEMPRE el ano dentro de la ficha: las fichas arrastran del ano anterior la referencia de BOE y a veces las fechas de plazo.	Mensual	HIGH	2026-09-21	Tier 2. Descubierta en la pasada del 2026-09-21. Resuelve el bloqueo de aei.gob.es (503 en cuatro URLs) y el de subvenciones.gob.es (SPA con cuerpo vacio). Falso positivo comprobado: la ficha de la JdC 2026 mostraba en detalle fechas de plazo de 2025 y una referencia de BOE de 31-10-2025; contrastar siempre con una segunda fuente antes de escribir una fecha.
SRC-0162	Fundacion Alicia Koplowitz - Ayudas de Formacion (estancias de 6-12 meses y Formacion Avanzada)	FELLOWSHIPS	https://fundacionaliciakoplowitz.org/lineas-de-accion/ayudas-formacion/	Bases en PDF y calendario de las dos lineas de formacion de la fundacion, distintas de las Ayudas a Proyectos ya fichadas; los PDF anuales cuelgan de /wp-content/uploads/<ano>/01/	Enlaces a Bases_Ayudas-Estancias-Cortas_<ano>.pdf y Bases-Ayudas-Formacion-Avanzada_<ano>.pdf; descargar con curl y extraer el texto, la pagina HTML solo lista beneficiarios	Anual, bases publicadas en enero	LOW	2026-09-21	Verificado el 2026-09-21: ambas lineas exigen titulo de Especialista en Psiquiatria (MIR) o Psicologia Clinica (PIR), que la excluye. Se conserva la fuente para no volver a investigarla desde cero.
SRC-0163	FENS Job Market (Federation of European Neuroscience Societies)	FELLOWSHIPS	https://www.fens.org/careers/job-market/	Convocatorias de becas y estancias de neurociencia republicadas por los financiadores; sirve de via de rescate cuando la web del financiador esta bloqueada	Buscar por nombre del financiador o de la convocatoria; ejemplo util: la Research Stay Grant de CINET/Fundacion Tatiana aparece en /careers/job-market/job/122150 con las bases que fundaciontatiana.com no sirve	Semanal	MEDIUM	2026-09-21	Alta el 2026-09-21. Distinta de la ficha generica de fens.org y de /careers/grants ya presentes en el fichero: esta es la seccion de anuncios, y es la que rescato F-0050.
SRC-0164	L'Oreal-UNESCO For Women in Science - portal de convocatorias	FELLOWSHIPS	https://www.forwomeninscience.com/	Bases legales de la modalidad espanola y de los International Awards, y los portales de candidatura numerados por edicion	Bases de Espana en /statics/filemanager/Spain/<ano>/; portal de la XXI edicion espanola en /challenge/show/169 y de los International Awards 2027 en /challenge/show/158	Anual, la modalidad espanola abre en septiembre	LOW	2026-09-21	Alta el 2026-09-21. AVISO: el PDF de bases de Espana es un escaneo sin capa de texto y no se puede leer de forma automatica; hay que abrirlo a mano.
SRC-0165	AEGH - archivo de ayudas y becas	FELLOWSHIPS	https://aegh.org/ayudas-y-becas/	Listado paginado con TODAS las convocatorias de ayudas de la AEGH y sus resoluciones, incluida la nominacion a la Beca Nacional de la ESHG, que no aparece en el blog general. Es donde se vio primero la convocatoria ESHG 2027 con plazo 15-11-2026.	Recorrer las paginas 1 a 3 y leer los titulos con beca, bolsa, premio o ayuda	mensual; semanal entre enero y marzo	HIGH	2026-09-21	Mas completo que SRC-0094 (aegh.org/blog-2/). Ojo: https://aegh.org/categoria/convocatorias/ devuelve 404.
SRC-0166	SENC - Requisitos para solicitudes de ayudas y becas (PDF oficial)	FELLOWSHIPS	https://www.senc.es/wp-content/uploads/2024/09/Requisitos-solicitudes-de-ayudas-y-becas-SENC.pdf	El documento de la Junta Directiva que fija a que ayudas se aplica la regla de los dos anos consecutivos de cuota. Delimita el alcance: ayudas de viaje y de organizacion de actividades si; premios no.	Descargar con curl y extraer texto; revisar si la SENC publica una version posterior a la de 2024	anual	MEDIUM	2026-09-21	Resuelve la duda que bloqueaba F-0039 y F-0040. Enlazado desde https://www.senc.es/ayudas-de-la-senc/ como 'Requisitos para solicitudes de ayudas y becas'.
SRC-0167	NHMRC - Funding schemes and calendar	FELLOWSHIPS	https://www.nhmrc.gov.au/funding/calendar	El calendario oficial de todos los esquemas de la NHMRC con fechas de apertura, datos minimos y cierre; es donde apareceran las fechas de la ronda de Investigator Grants que cierra hacia julio de 2027 antes que en la ficha del esquema	Investigator Grants - proxima ronda (apertura junio, cierre julio)	Trimestral, y mensual de abril a agosto	MEDIUM	2026-09-21	Distinta de SRC-0076, que es la ficha del esquema. AVISO: nhmrc.gov.au empezo a devolver 403 a curl y a WebFetch en esta pasada (bloqueo no registrado hasta ahora); la URL sirve para abrirla a mano y los datos hay que sacarlos por buscador restringido al dominio.
SRC-0168	Fundacion Seneca - Convocatorias Abiertas	FELLOWSHIPS	https://fseneca.es/web/convocatorias-abiertas	La lista de convocatorias de la Fundacion Seneca efectivamente abiertas en cada momento, que es lo que faltaba para saber si la III Fulbright-Seneca ha salido; el catalogo anual (SRC-0091) las lista aunque no esten abiertas	Ver si aparece la III Convocatoria Fulbright-Fundacion Seneca	Semanal en septiembre y octubre de 2026	HIGH	2026-09-21	Comprobada hoy: responde 200 por curl (con User-Agent de navegador) pero el listado se renderiza por JavaScript y el cuerpo llega VACIO, igual que las fichas de sede de la Junta de Andalucia. Queda registrada para que la duena la abra a mano y para que nadie vuelva a gastar presupuesto esperando texto de ella.
